"Code","Year","Site","lat","lon","Plot.size..m2.","ele","Aspect","SR.w.m2","Degree.easting","Degree.northing","Average.slope","Quadrat","Acaena.novae.zelandiae","Acetosella.vulgaris","Aciphylla.glacialis","Acrothamnus.montanus","Agrostis.sp.","Agrostis.venusta","Ajuga.australis","Anthosachne.scabra","Argyrotegium.fordianum","Arthropodium.milleflorum","Asperula.gunnii","Asperula.scoparia","Asterolasia.trymalioides.subsp..trymalioides","Austrostipa.nivicola","Baeckea.gunniana","Bossiaea.foliosa","Bossiaea.sericea","Brachyscome.nivalis","Brachyscome.rigidula","Brachyscome.spathulata","Bulbine.glauca","Cardamine.lilacina","Carex.breviculmis","Carex.hebes","Celmisia.costiniana","Celmisia.latifolia","Celmisia.pugioniformis","Cerastium.vulgare","Chrysocephalum.semipapposum.subsp..lineare","Colobanthus.affinis","Coronidium.monticola","Craspedia.adenophora","Craspedia.aurantia","Craspedia.gracilis","Craspedia.lamicola","Craspedia.spp.","Crassula.sieberiana","Deyeuxia.carinata","Deyeuxia.monticola","Epacris.gunnii","Eucalyptus.pauciflora","Euphrasia.sp.","Euphrasia.collina","Euphrasia.crassiuscula.subsp..glandulifera","Euryomyrtus.ramosissima.subsp..ramosissima","Ewartia.nubigena","Gentianella.muelleriana","Geranium.sp.","Gonocarpus.montanus","Gonocarpus.micranthus.subsp..micranthus","Goodenia.hederacea.subsp..alpestris","Grevillea.australis","Hovea.montana","Hypochaeris.radicata","Kunzea.muelleri","Leionema.phylicifolium","Leptorhynchos.squamatus.subsp..alpinus","Leucochrysum.albicans.subsp..albicans","Lomandra.filiformis.subsp..coriacea","Luzula.acutifolia.subsp..acutifolia","Luzula.modesta","Luzula.novae.cambriae","Luzula.sp.","Melicytus.angustifolius.subsp..divaricatus","Microseris.lanceolata","Montia.australasica","Olearia.brevipedunculata","Olearia.frostii","Olearia.phlogopappa.subsp..flavescens","Oreomyrrhis.eriopoda","Orites.lancifolius","Ozothamnus.alpinus","Pappochroma.bellidioides","Pappochroma.nitidum","Pentachondra.pumila","Phebalium.squamulosum.subsp..alpinum","Pimelea.alpina","Pimelea.axiflora.subsp..alpina","Plantago.euryphylla","Poa.fawcettiae","Poa.hiemata","Poa.hothamensis","Podolepis.robusta","Podolobium.alpestre","Prasophyllum.sp.","Prostanthera.cuneata","Ranunculus.muelleri","Ranunculus.victoriensis","Rhodanthe.anthemoides","Rytidosperma.alpicola","Rytidosperma.erianthum","Rytidosperma.nudiflorum","Rytidosperma.oreophilum","Rytidosperma.pallidum","Rytidosperma.penicillatum","Rytidosperma.sp.","Scleranthus.biflorus","Scleranthus.diander","Scleranthus.singulaflorus","Senecio.gunnii","Senecio.pinnatifolius.var..alpinus","Stackhousia.monogyna","Stelleria.pungens","Stylidium.armeria.subsp..armeria","Stylidium.graminifolium","Trisetum.spicatum","Viola.betonicifolia.subsp..betonicifolia","Wahlenbergia.gloriosa","Xerochrysum.subundulatum"
"2022_BF_N_BF1",2022,"BF",-37.241018,146.483143,1742,1688.912842,"N",959.0666606,0,1,9.73247708,"BF1",0,0,0,0,0,0,0,0,0,0,0,0,0,0,0,0,0,0,0,0,0,0,0,0,0,0,0,0,0,0,0,0,0,0,0,0,0,0,0,0,0,0,0,0,0,0,0,0,0,0,0,0,0,0,0,0,0,0,0,0,0,0,0,0,0,0,0,0,0,0,0,0,0,0,0,0,0,0,0,5,0,0,85,0,0,0,0,0,0,0,0,0,0,0,0,0,0,0,0,0,0,0,0.5,0,0,0,0,0,0
"2022_BF_N_BF2",2022,"BF",-37.241018,146.483143,1742,1688.912842,"N",959.0666606,0,1,9.73247708,"BF2",0,0.5,0,0,0,0,0,0,0,0,0,0,0,0,0,0,0,0,0,1,0,0,0,0,0,0,0,0,0,0,0,0,0,0,0,0,0,0,0,0,0,0,0,0,0,0,0,0,0,0,0,0,10,0,0,0,0,0,0,0,0,0,0,0,0,0,0,0,0,0,0,0,0,0,0,20,0,0,0,40,0,0,30,0,0,0,0,0,0,0,0,0,0,0,0,0,0,0,0,0,0,0,5,0,0,0,0,0,0
"2022_BF_N_BF3",2022,"BF",-37.241018,146.483143,1742,1688.912842,"N",959.0666606,0,1,9.73247708,"BF3",0,0.5,0,0,0,0,0,0,0,0,0,0,0,0,0,0,0,0,0,0,0,0,5,0,0,0,5,0,0,0,0,0,0,0,0,0,0,0,0,0,0,0,0,0,0,0,0,0,0,0,0,0,80,0,0,0,0,0,0,0,0,0,0,0,5,0,0,0,0,0.5,0,0,0,0,0,0,0,0,0,35,0,0,0,0,0,0,0,0,0,0,0,0,0,0,0,0,0,0,0,0,0,0,5,0,0,0,0,0,0
"2022_BF_N_BF4",2022,"BF",-37.241018,146.483143,1742,1688.912842,"N",959.0666606,0,1,9.73247708,"BF4",0,0.5,0,0,0,0,0,0,0,0,0.5,0,0,0,0,0,0,0,0,1,0,0,5,0,0,0,0,0,0,0,0,0,0,0,0,0,0,0,0,0,0,0,0,0,0,0,0,0,0,0,0,0,35,0,0,0,0,0,0,0,0,0,0,0,10,0,0,0,0,0,0,0,0,0,0,10,0,0,0,50,0,0,0,0,0,0,0,0,0,0,0,0,0,0,0,0,0,0,0,0,0,0,5,0,0,0,0,0,0
"2022_BF_N_BF5",2022,"BF",-37.241018,146.483143,1742,1688.912842,"N",959.0666606,0,1,9.73247708,"BF5",0,0,0,0,0,0,0,0,0,0,0,0,0,0,0,0,0,0,0,0,0,0,0,0,0,0,0,0,0,0,0,0,0,0,0,0,0,0,0,0,0,0,0,0,0,0,0,0,0,0,0,0,0,0,0,0,0,0,0,0,0,0,0,0,0,0,0,0,0,0,0,0,0,0,0,10,0,0,0,4,0,0,65,0,0,25,0,0,0,0,0,0,0,0,0,0,0,0,0,0,0,0,0.5,0,0,0,0,0,0
"2022_BF_W_BF6",2022,"BF",-37.241018,146.483143,1742,1688.912842,"W",865.5723245,-1,1.1e-05,13.71437061,"BF6",0,0,0,0,0,0,0,0,0,0,0,0,0,0,0,0,0,0,0,0,0,0,10,0,0,0,0,0,0,0,0,0,0,0,0,0,0,0,0,0,0,0,0,0,0,0,0,0,0,0,0,0,55,1,0,0,0,0,0,0,0,0,0,0,5,0,0,0,0,0,0,0,0,0,0,0,0,0,0,35,0,0,0,0,0,0,0,0,0,0,0,0,0,0,0,0,0,0,0,0,0,0,0,0,0,0,0,0,0
"2022_BF_W_BF7",2022,"BF",-37.241018,146.483143,1742,1688.912842,"W",865.5723245,-1,1.1e-05,13.71437061,"BF7",0,0,0,5,0,0,0,0,0,0,0.5,0,0,0,0,0,0,0,0,0,0,0,5,0,30,0,0,0,0,0,0,0,0,0,0,0,0,0,0,0,0,0,0,0,0,0,0,0,0,0,0,0,20,5,0,0,0,0,0,1,0,0,0.5,0,5,0,0,0,0,0.5,0,0,0,0,0,0,0,0,0,10,0,0,0,0,0,0,0,0,0,0,0,0,0,0,0,0,0,0,0,0,0,0,1,0,0,0,0,0,0
"2022_BF_W_BF8",2022,"BF",-37.241018,146.483143,1742,1688.912842,"W",865.5723245,-1,1.1e-05,13.71437061,"BF8",0,0.5,0,0,0,0,0,0,0,0,0,0,0,0,0,0,0,0,0.5,0,0,0,5,0,20,0,0,0,0,0,0,0,0,0,0,0,0,0,0,0,0,0,0,0,0,0,0,0,0,0,0,0,20,5,0,0,0,0,0,5,0,0,0,0,0,0,0,0,0,0.5,0,0,0,0,0,0,0,0,0,35,0,0,0,0,0,0,0,0,0,0,0,0,0,0,0,0,0,0,0,0,1,0,5,0,0,0.5,0,0,0
"2022_BF_W_BF9",2022,"BF",-37.241018,146.483143,1742,1688.912842,"W",865.5723245,-1,1.1e-05,13.71437061,"BF9",0,0.5,0,0,0,0,0,0,0,0,0,0,0,0,0,0,0,0,5,0,0,0,1,0,0,0,0,0,0,0,0,0,0,0,0,0,0,0,0,0,0,0,0,0,0,0,0,0,0,0,0,0,0.5,15,0,0,0,0,0,10,0,0,1,0,5,0,0,0,0,0,0,0,0,0,0,0,0,0,0,40,0,0,0,0,0,0,0,0,0,0,0,0,0,0,0,0.5,0,0,0,0,0,0,5,0,0,5,0,0,0
"2022_BF_W_BF10",2022,"BF",-37.241018,146.483143,1742,1688.912842,"W",865.5723245,-1,1.1e-05,13.71437061,"BF10",0,0,0,0,0,0,0,0,0,0,0.5,0,0,0,0,0,0,0,0,1,0,0,0,0,10,0,0,0,0,0,0,0,0,0,0,0,0,0,0,0,0,0,0,0,0,0,0,0,0,0,0,0,0.5,5,0,0,0,0,0,0.5,0,0,0,0,0.5,0,0,0,0,0,0,0,0,0,0,0,0,0,0,20,0,0,0,0,0,0,0,0,0,0,0,0,0,0,0,0,0,0,0,0,0,0,5,0,0,0,0,0,0
"2022_BF_S_BF11",2022,"BF",-37.241018,146.483143,1742,1688.912842,"S",892.0275409,-7.35e-06,-1,11.45845131,"BF11",0,5,0,0,0,0,0,0,0,0,0,0,0,0,0,0,0,0,0,5,0,0,0.5,0,0.5,0,0,0,0,0,0,0,0,0,0,0,0,0,0,0,0,0,0,0,0,0,0,0,0,0,0,0,30,5,0,0,0,0,0,0,0,0,0,0,1,0,0,0,0,0,0,0,0,0,0,0,0,0,0,25,0,0,5,0,0,0,0,0,0,0,0,0,0,0,0,0,0,0,0,0,0,0,5,0,0,5,0,0,0
"2022_BF_S_BF12",2022,"BF",-37.241018,146.483143,1742,1688.912842,"S",892.0275409,-7.35e-06,-1,11.45845131,"BF12",0,1,0,0,0,0,0,0,0,0,1,0,0,0,0,0,0,0,0,5,0,0,1,0,0,0,0,0,0,0,0,0,0,0,0,0,0,0,0,0,0,0,0,0,0,0,0,0,0,0,0,0,15,0,0,0,0,0,0,0,0,0,0,0,0,0,0,0,0,0,0,0,0,0,0,0,5,0,0,10,0,0,75,0,0,5,0,0,0,0,0,0,0,0,0,0,0,0,0,0,0,0,0,0,0,0,0,0,0
"2022_BF_S_BF13",2022,"BF",-37.241018,146.483143,1742,1688.912842,"S",892.0275409,-7.35e-06,-1,11.45845131,"BF13",0,1,0,0,0,0,0,0,0,0,0,0,0,0,0,0,0,0,0,5,0,0,0,0,0,0,0,0,0,0,0,0,0,0,0,0,0,0,0,0,10,0,0,0,5,0,0,0,0,0,0,0,15,1,0,0,0,0,0,0,0,0,1,0,0,0,0,0,0,0.5,0,0,0,0,0,0,1,0,0,30,0,0,35,0,0,0,0,0,0,0,0,0,0,0,0,0,0,0,0,0,0,0,1,0,0,0,0,0,0
"2022_BF_S_BF14",2022,"BF",-37.241018,146.483143,1742,1688.912842,"S",892.0275409,-7.35e-06,-1,11.45845131,"BF14",0,1,0,0,0,0,0,0,0,0,0,0,0,0,0,0,0,0,0,0,0,0,0,0,0,0,0,0,0,0,0,0,0,0,0,0,0,0,0,0,0,0,0,0,0,0,0,0,0,0,0,0,30,0,0,0,0,0,0,0,0,0,0,0,0.5,0,0,0,0,0,0,0,0,0,0,10,0,0,0,30,0,0,15,0,0,0,0,0,0,0,0,0,0,0,0,0,0,0,0,0,0,0,5,0,0,0,0,0,0
"2022_BF_S_BF15",2022,"BF",-37.241018,146.483143,1742,1688.912842,"S",892.0275409,-7.35e-06,-1,11.45845131,"BF15",0,1,0,0,0,0,0,0,0,0,0,0,0,0,0,0,0,0,5,0,0,0,5,0,5,0,0,0,0,0,0,1,0,0,0,0,0,0,0,0,0,0,0,0,0,0,0,0,0,0,0,0,30,5,0,0,0,0,0,5,0,0,0,0,5,0,0,0,0,0,0,0,0,0,0,0,0,0,0,35,0,0,0,0,0,0,0,0,0,0,0,0,0,0,0,0,0,0,0,0,0,0,1,0,0,0,0,0,0
"2022_BF_E_BF16",2022,"BF",-37.241018,146.483143,1742,1688.912842,"E",964.3866359,1,-3.67e-06,7.476557779,"BF16",0,0,0,0,0,0,0,0,0,0,0,0,0,0,0,0,0,0,0,5,0,0,0.5,0,0,0,0,0,0,0,0,0,0,0,0,0,0,0,0,0,0,0,0,0,0,0,0,0,0,0,5,0,40,5,0,0,0,0,0,0,0,0,0,0,1,0,0,0,0,0,0,0,0,0,0,10,0,0,0,15,0,0,0,10,0,5,0,0,0,0,0,0,0,0,0,0,0,0,0,0,0,0,1,0,0,0,0,0,0
"2022_BF_E_BF17",2022,"BF",-37.241018,146.483143,1742,1688.912842,"E",964.3866359,1,-3.67e-06,7.476557779,"BF17",0,1,0,0,0,0,0,0,0,0,0.5,0,0,0,0,0,0,0,0,5,0,0,0,0,0,0,0,0,0,0,0,0,0,0,0,0,0,0,0,0,0,0,0,0,0,0,5,0,0,0,0,0,30,0,0,0,0,0,0,0,0,0,0,0,5,0,0,0,0,0,0,0,0,0,0,0,0.5,0,0,5,0,0,0,70,0,5,0,0,0,0,0,0,0,0,0,0,0,0,0,0,0,0,0,0,0,0,0,0,0
"2022_BF_E_BF18",2022,"BF",-37.241018,146.483143,1742,1688.912842,"E",964.3866359,1,-3.67e-06,7.476557779,"BF18",0,0.5,0,0,0,0,0,0,0,0,0.5,0,0,0,0,0,0,0,0,0,0,0,5,0,5,0,0,0,0,0,0,0,0,0,0,0,0,0,0,0,0,0,0,0,0,0,5,0,0,0,0,0,60,1,0,0,0,0,0,0,0,0,0,0,5,0,0,0,0,0,0,0,0,0,0,5,5,0,0,15,0,0,0,0,0,10,0,0,0,0,0,0,0,0,0,5,0,0,0,0,0,0,1,0,0,0,0,0,0
"2022_BF_E_BF19",2022,"BF",-37.241018,146.483143,1742,1688.912842,"E",964.3866359,1,-3.67e-06,7.476557779,"BF19",0,0,0,0,0,0,0,0,0,0,1,0,0,0,0,0,0,0,0,10,0,0,10,0,0,0,5,0,0,0,0,0,0,0,0,0,0,0,0,0,0,0,0,0,0,0,0,0,0,0,0,0,75,0.5,0,0,0,0,0,0,0,1,0,0,10,0,0,0,0,0,0,0,0,0,0,0,0,0,0,15,0,0,0,0,0,0,0,0,0,0,0,0,0,0,0,0,0,0,0,0,0,0,0.5,0,0,0,0,0,0
"2022_BF_E_BF20",2022,"BF",-37.241018,146.483143,1742,1688.912842,"E",964.3866359,1,-3.67e-06,7.476557779,"BF20",0,1,0,0,0,0,0,0,0,0,1,0,0,0,0,0,0,0,0,5,0,0,10,0,0,0,0,0,0,0,0,0,0,0,0,0,0,0,0,0,0,0,0,0,15,0,0,0,0,0,0,0,20,5,0,0,0,0,0,0,0,5,0,0,5,0,0,0,0,0,0,0,0,0,0,0,10,0,0,35,0,0,0,0,0,5,0,0,0,0,0,0,0,0,0,0,0,0,0,0,0,0,5,0,0,0,0,0,0
"2022_H_NW_H1",2022,"H",-36.97474304,147.130572,5000,1867.303833,"NW",928.8367654,-0.70709769,0.707115872,5.710593137,"H1",0,0,0,0,0,0,0,0,0,0,1,0,0,0,0,0,0,0,0,0,0,0,1,0,15,0,0,0,0,0,0,0,5,0,0,0,0,0,0,0,0,0,0,0,0,0,0,0,0,0,0,0,0,0,70,0,5,0,0,0.5,0,0,0,0,0,0,0,0,0,0,0,0,0.5,0,0,0,5,0,0,20,0,0,0,0.5,0.5,0,0,0,0,0,0,0,0,0,0,0,0,0,0,0,1,0,0,0,0,0,0,0,0
"2022_H_NW_H2",2022,"H",-36.97474304,147.130572,5000,1867.303833,"NW",928.8367654,-0.70709769,0.707115872,5.710593137,"H2",0,0,0,0,0,0,0,0,0,0,1,0,0,0,0,0,0,0,0,0,0,0,0,0,10,0,0,0,0,0,0,0,1,0,0,0,0,0,0,0,0,0,0,0,0,0,0,0,0,0,0,0,0,0,70,0,0,0,0,0.5,0,5,0,0,0,0,0,0,0,0,0,0,0,0,0,0,0,0,0,15,0,0,0,0,0,0,0,0,0,0,0,0,0,0,0,0,0.5,0,0,0,0,0,0,0,0,0,0,0,0
"2022_H_NW_H3",2022,"H",-36.97474304,147.130572,5000,1867.303833,"NW",928.8367654,-0.70709769,0.707115872,5.710593137,"H3",0,0.5,0,0,0,0,0,0,0,0,5,0,0,0,0,0,0,1,0,0,0,0,0,0,20,0,0,0,0,0,0,0,5,0,0,0,0,0,0,0,0,0,0.5,0,0,0,0,0,0,0,0,20,0,0.5,35,0,15,0,0,10,0,0,0,0,0,0,0,0,0,0,0,0,5,0,0,0,0,0,0,25,0,0,0,0.5,0.5,0,0,0,0,0,0,0,0,0,0,0,0.5,0,0,0,0,0,0,0,0,0.5,0,0,0
"2022_H_NW_H4",2022,"H",-36.97474304,147.130572,5000,1867.303833,"NW",928.8367654,-0.70709769,0.707115872,5.710593137,"H4",0,0,0,0,0,10,0,0,0,0,5,0,0,0,0,0,0,0,0,0,0,0,1,0,5,0,0,0,0,0,0,0,0,0,0,0,0,0,0,0,0,0,0,0,0,0,0,0,0,0,0,5,0,1,65,0,0,0,0,10,0,0,0,0,0,0,0,0,0,0.5,0,0,5,0,0,0,0,0,0,15,0,0,0,0,0,0,0,0,0,0,0,0,0,0,0,0,0.5,0,0,0,0,0,0,0,0,0.5,0,0,0
"2022_H_NW_H5",2022,"H",-36.97474304,147.130572,5000,1867.303833,"NW",928.8367654,-0.70709769,0.707115872,5.710593137,"H5",0,1,5,10,0,1,0,0,0,0,1,0,0,0,0,0,0,0.5,0,0,0,0,0,0,20,0,0,0,0,0,0,0,5,0,0,0,0,0,0,0,0,0,5,0,0,0,0,0,0,0,0,45,0,1,0,0,10,0,0,5,0,0,0,0,5,0,0,0,0,0.5,0,0,1,0,0,0,5,0,0,15,0,0,0,0,0,0,0,0,0,0,0,0,0,0,0,0,1,0,0,0,0,0,0,0,0,0,0,0,0
"2022_H_SW_H6",2022,"H",-36.97474304,147.130572,5000,1867.303833,"SW",905.4676145,-0.707113275,-0.707100288,5.710593137,"H6",0,0,0,0,0,0,0,0,0,0,0.5,0,0,0,0,0,0,0,0,0,0,0,0,0,0,0,0,0,0,0,0,0,0,0,0,0,0,0,0,0,0,0,0,0,0,0,0,0,0,0,0,0,0,5,30,0,0,0,0,0,0,5,0,0,0,0,0,0,0,0,0,0,5,0,0,0,0,0,0,15,0,0,0,0,0,0,0,0,0,0,0,0.5,0,0,0,0,0,0,0,0,5,0,0,0,0,0,0,0,0
"2022_H_SW_H7",2022,"H",-36.97474304,147.130572,5000,1867.303833,"SW",905.4676145,-0.707113275,-0.707100288,5.710593137,"H7",0,0,0,0,0,0,0,0,0,0,0,0,0,0,0,0,0,0,0,0,0,0,0,0,0,0,0,0,0,0,0,0,0,0,0,0,0,0,0,0,0,0,0,0,0,0,0,0,0,0,0,25,0,0,35,0,0,0,0,0,0,5,0,0,0,0,0,0,0,0,0,0,0,0,0,0,0,0,0,15,0,0,0,0,0,0,0,0,0,0,0,0.5,0,0,0,0,0,0,0,0,0,0,0,0,0,0,0,0,0
"2022_H_SW_H8",2022,"H",-36.97474304,147.130572,5000,1867.303833,"SW",905.4676145,-0.707113275,-0.707100288,5.710593137,"H8",0,0,0,0,0,0,0,0,0,0,5,0,0,0,0,0,0,0,0,0,0,0,0.5,0,10,0,0,0,0,0,0,0,0,0,0,0,0,0,0,0,0,0,0,0,0,0,0,0,0,0,0,0.5,0,0,80,0,0,0,0,0,0,0,0,0,0,0,0,0,0,0,0,0,0,0,0,0,0,0,0,15,0,0,0,0,0,0,0,0,0,0,0,0,0,0,0,0,0,0,0,0,0,0,0,0,0,0,0,0,0
"2022_H_SW_H9",2022,"H",-36.97474304,147.130572,5000,1867.303833,"SW",905.4676145,-0.707113275,-0.707100288,5.710593137,"H9",0,0,1,0,0,0,0,0,0,0,0.5,0,0,0,0,0,0,5,0,0,0,0,0,0,15,0,0,0,0,0,0,0,5,0,0,0,0,0,0,0,0,0,0,0,0,0,0,0,0,0,0,15,0,0,35,0,0,0,0,0,1,0,0,0,0,0,0,0,0,0,0,0,5,0,0,0,0,0,0,25,0,0,0,0.5,0,0,0,0,0,0,0,0.5,0,0,0,0,1,0,0,0,0,0,0,0,0,0,0,0,0
"2022_H_SW_H10",2022,"H",-36.97474304,147.130572,5000,1867.303833,"SW",905.4676145,-0.707113275,-0.707100288,5.710593137,"H10",0,0,0,0,0,0,0,0,0,0,0.5,0,0,0,0,0,0,1,0,0,0,0,0,0,20,0,0,0,0,0,0,0,5,0,0,0,0,0,0,0,0,0,0,0,0,0,0,0,0,0,0,10,0,0.5,40,0,10,0,0,0,5,0,0,0,0,0,0,0,0,0,0,0,0,0,0,0,0,0,0,15,0,0,0,0.5,0,0,0,0,0,0,0,0.5,0,0,0,0,0,0,5,0,0,0,0,0,0,0,0,0,0
"2022_H_SE_H11",2022,"H",-36.97474304,147.130572,5000,1867.303833,"SE",935.5220947,0.707102885,-0.707110677,5.710593137,"H11",0,0,0,0,0,0,0,0,0,0,0.5,0,0,0,0,0,0,0,0,0,0,0,1,0,10,0,0,0,0,0,0,0,5,0,0,0,0,0,0,0,0,0,0,0,0,0,0,0,0,0,0,0,0,0,75,0,10,0,0,0,5,0,0,0,0,0,0,0,0,1,0,0,5,0,0,0,5,0,0,25,0,0,0,0,0,0,0,0,0,0,0,5,0,0,0,0,0,0,0,0,0.5,0,0,0,0,0,0,0,0
"2022_H_SE_H12",2022,"H",-36.97474304,147.130572,5000,1867.303833,"SE",935.5220947,0.707102885,-0.707110677,5.710593137,"H12",0,0,0,0,0,0,0,0,0,0,0.5,0,0,0,0,0,0,0,0,0,0,0,5,0,10,0,0,0,0,0,0,0,5,0,0,0,0,0,0,0,0,0,0,0,0,0,0,0,0,0,0,0,0,0,70,0,5,0,0,0,0,5,0,0,0,0,0,0,0,0,0,0,5,0,0,0,1,0,0,25,0,0,0,0,0,0,0,0,0,0,0,0,0,0,0,0,0,0,0,0,0,0,0,0,0,0.5,0,0,0
"2022_H_SE_H13",2022,"H",-36.97474304,147.130572,5000,1867.303833,"SE",935.5220947,0.707102885,-0.707110677,5.710593137,"H13",0,0,0,0,0,0,0,0,0,0,0.5,0,5,0,0,0,0,0,0,0,0,0,1,0,10,0,0,0,0,0,0,0,5,0,0,0,0,0,0,0,0,0,0,0,0,0,0,0,0,0,0,20,0,0,35,0,5,0,0,0,0,0,0,0,0,0,0,0,0,0,0,0,1,0,0,0,1,0,0,40,0,0,0,0,0,0,0,0,0,0,0,0,0,0,0,0,0,0,0,0,0,0,0,0,0,0.5,0,0,0
"2022_H_SE_H14",2022,"H",-36.97474304,147.130572,5000,1867.303833,"SE",935.5220947,0.707102885,-0.707110677,5.710593137,"H14",0,0,0,0,0,0,0,0,0,0,0,0,0,0,0,0,0,0,0,0,0,0,0,0,15,0,0,0,0,0,0,0,5,0,0,0,0,0,0,0,0,0,0,0,0,0,0,0,0,0,0,5,0,0,70,0,0,0,0,5,0,5,0,0,0,0,0,0,0,0,0,0,5,0,0,0,5,0,0,10,0,0,0,0,0,0,0,0,0,0,0,0,0,0,0,0,0,0,0,0,0,0,0,0,0,0,0,0,0
"2022_H_SE_H15",2022,"H",-36.97474304,147.130572,5000,1867.303833,"SE",935.5220947,0.707102885,-0.707110677,5.710593137,"H15",0,0,0,0,0,0,0,0,0,0,0,0,0,0,0,0,0,5,0,0,0,0,1,0,10,0,0,0,0,0,0,0,0,0,0,0,0,0,0,0,0,0,0,0,0,0,0,0,0,0,0,35,0,0,0,0,0,0,0,0,0,10,0,0,0,0,0,0,0,0.5,0,0,1,0,0,0,0.5,0,0,35,0,0,0,0,0,0,0,0,0,0,0,0,0,0,0,0,0,0,0,0,0,0,0,0,0,5,0,0,0
"2022_H_NE_H16",2022,"H",-36.97474304,147.130572,5000,1867.303833,"NE",958.8912456,0.70710808,0.707105483,5.710593137,"H16",0,0,0,0,0,0,0,0,0,0,0.5,0,0,0,0,0,0,0,0,0,0,0,1,0,20,0,0,0,0,0,0,0,5,0,0,0,0,0,0,0,0,0,0,0,0,0,0,0,0,0,0,30,0,0,45,0,1,0,0,0,5,1,0,0,0,0,0,0,0,0,0,0,5,0,0,0,1,0,0,0,20,0,0,0,0,0,0,0,0,0,0,0,0,0,0,0,0,0,0,0,0,0,0,0,0,0,0,0,0
"2022_H_NE_H17",2022,"H",-36.97474304,147.130572,5000,1867.303833,"NE",958.8912456,0.70710808,0.707105483,5.710593137,"H17",0,0,0,15,0,5,0,0,0,0,0.5,0,0,0,0,0,0,1,0,0,0,0,0,0,10,0,0,0,0,0,0,0,1,0,0,0,0,0,0,0,0,0,10,0,0,0,0,0,0,0,0,25,0,5,0,0,0,0,0,0,0,10,0,0,5,0,0,0,0,0.5,0,0,5,0,0,0,5,0,0,0,0,5,0,0,0,0,0,0,0,0,0,5,0,0,0,0,5,0,0,0,0,0,0,0,0,0,0,0,10
"2022_H_NE_H18",2022,"H",-36.97474304,147.130572,5000,1867.303833,"NE",958.8912456,0.70710808,0.707105483,5.710593137,"H18",0,0,0,0,0,0.5,0,0,0,0,0,0,0,0,0,0,0,0,0,0,0,0,0,0,5,0,0,0,0,0,0,0,0.5,0,0,0,0,0,0,0,0,0,0.5,0,0,0,0,0,0,0,0,0,0,0,35,0,0,0,0,1,0,0,0,0,0,0,0,0,0,0.5,0,0,0.5,0,0,0,0,0,0,0,0,0,0,0,0,0,0,0,0,0,0,0.5,0,0,0,0,0,0,0,0,0,0,0,0,0,0,0,0,0
"2022_H_NE_H19",2022,"H",-36.97474304,147.130572,5000,1867.303833,"NE",958.8912456,0.70710808,0.707105483,5.710593137,"H19",0,1,0,0,0,5,0,0,0,0,0.5,0,0,0,0,0,0,0,0,0,0,0,0.5,0,15,0,0,0,0,0,0,0,0,0,0,0,0,0,0,0,0,0,5,0,0,0,0,0.5,0,0,0,40,0,10,0,0,5,0,0,0,0,5,0,0,0,0,0,0,0,0.5,0,0,5,0,0,0,0,0,0,5,0,5,0,0,0,0,0,0,0,0,0,0,0,0,0,0,0,0,0,0,0,0,0,0,0,1,0,0,15
"2022_H_NE_H20",2022,"H",-36.97474304,147.130572,5000,1867.303833,"NE",958.8912456,0.70710808,0.707105483,5.710593137,"H20",0,0,0,0,0,1,0,0,0,0,0,0,0,0,0,0,0,0,0,0,0,0,1,0,45,0,0,0,0,0,0,0,0,0,0,0,0,0,0,0,0,0,5,0,0,0,0,0,0,0,0,35,0,0,0,0,5,0,0,1,0,5,0,0,0,0,0,0,0,0,0,0,5,0,0,0,1,0,0,15,0,0,0,0,0,0,0,0,0,0,0,0,0,0,0,0,0,0,0,0,0,0,0,0,0,0,0,0,0
"2022_KB_NW_KB1",2022,"KB",-37.21138604,146.605201,2418,1705.766479,"NW",922.3224017,-0.70709769,0.707115872,7.163120661,"KB1",0,5,0,0,0,0,0,0,0,0,0,0,0,0,0,0,0,0,0,0,0,0,0,0,0,0,0,0,0,0,0,0,0,0,0,0,0,0,0,0,0,0,0,0,0,0,0,0,0,0,0,35,35,0,0,0,0,0,0,0,0,0,0,15,0,0,0,0,0,0,0,0,0,0,0,0,0,0,0,20,0,0,0,20,0,0,0,0,0,0,0,0,0,0,0,0,0,0,0,0,0,0,0,0,0,0,5,0,0
"2022_KB_NW_KB2",2022,"KB",-37.21138604,146.605201,2418,1705.766479,"NW",922.3224017,-0.70709769,0.707115872,7.163120661,"KB2",0,0,0,10,0,0,0,0,0,0,0,1,0,0,0,0,0,0,0,0,0,0,5,0,0,0,0,0,0,0,0,0,0,0,0,0,0,0,0,0,15,0,0,0,0,0,0,0,15,0,0,0,15,0,0,0,0,0,0,0,0,0,0,0,5,0,0,0,0,0,0,0,0,0,0,0,0,0,0,20,0,0,0,40,0,0,0,0,0,0,0,0,0,0,0,0,0,0,0,0,0,1,5,0,0,0,5,0,0
"2022_KB_NW_KB3",2022,"KB",-37.21138604,146.605201,2418,1705.766479,"NW",922.3224017,-0.70709769,0.707115872,7.163120661,"KB3",0,1,0,0,0,0,0,1,0,0,0,0,0,0,0,0,0,0,5,0,0,0,5,0,0,0,0,0,0,0,0,0,0,0,0,0,0,0,0,0,0,0,0,0,5,0,0,0,0,0,0,10,20,0,0,0,0,0,0,5,0,15,0,0,0,0,0,0,0,0,0,0,0,0,0,0,0,0,0,40,0,0,0,0,0,0,0,0,0,0,0,0,0,0,0,0,5,0,0,0,0,0,0,0,0,5,1,0,0
"2022_KB_NW_KB4",2022,"KB",-37.21138604,146.605201,2418,1705.766479,"NW",922.3224017,-0.70709769,0.707115872,7.163120661,"KB4",0,1,0,10,0,0,0,0,0,0,0,0,0,0,0,0,0,0,0,0,0,0,5,0,0,0,0,0,0,0,0,0,0,0,0,0,0,0,0,0,0,0,0,0,0,0,0,0,0,0,0,20,25,0,0,0,0,0,0,0,0,0,0,0,0,0,0,0,0,0,0,0,0,0,0,0,0,0,0,25,0,0,0,30,0,0,0,0,0,0,0,0,0,0,5,0,0,0,0,0,0,0,0,0,0,0,1,0,0
"2022_KB_NW_KB5",2022,"KB",-37.21138604,146.605201,2418,1705.766479,"NW",922.3224017,-0.70709769,0.707115872,7.163120661,"KB5",0,1,0,0,0,0,0,1,0,0,0,0,0,0,0,0,0,0,1,0,0,0,15,0,0,0,0,0,0,0,0,0,0,0,0,0,0,0,0,0,0,0,0,0,0,0,0,0,0,0,0,5,0,0,0,0,0,5,0,0,0,0,1,0,0,0,0,0,0,0,0,0,0,0,0,0,0,0,0,45,0,0,0,1,0,0,0,0,0,0,0,0,0,0,1,0,0,0,0,0,0,0,0,0,0,0,0,0,0
"2022_KB_NE_KB6",2022,"KB",-37.21138604,146.605201,2418,1705.766479,"NE",970.4751213,0.70710808,0.707105483,10.22707799,"KB6",0,1,0,20,0,0,0,1,0,0,0,0,0,0,0,0,0,0,5,0,0,0,0,0,0,0,0,0,0,0,0,0,0,0,0,0,0,0,0,0,0,0,0,0,0,0,0,0,0,0,0,0,35,0,0,0,0,0,0,0,0,0,0,5,0,0,0,0,0,0,0,0,0,0,0,0,0,0,0,20,0,0,0,0,0,0,0,0,10,0,0,0,0,0,0,0,0,0,0,0,0,0,0,0,0,0,0,0,0
"2022_KB_NE_KB7",2022,"KB",-37.21138604,146.605201,2418,1705.766479,"NE",970.4751213,0.70710808,0.707105483,10.22707799,"KB7",0,5,0,0,0,0,0,1,0,0,0,0,0,0,0,0,0,0,0,0,0,0,5,0,0,0,0,0,0,0,0,0,0,0,0,0,0,0,0,0,0,0,0,0,0,0,0,0,0,0,0,0,20,0,0,0,0,0,0,0,0,0,0,0,0,0,0,0,0,0,0,0,0,0,0,0,0,0,0,15,0,0,0,30,0,0,0,0,10,0,0,0,0,0,0,0,0,0,0,0,0,0,5,0,0,0,5,0,0
"2022_KB_NE_KB8",2022,"KB",-37.21138604,146.605201,2418,1705.766479,"NE",970.4751213,0.70710808,0.707105483,10.22707799,"KB8",0,5,0,0,0,0,0,1,0,0,0,0,0,0,0,0,0,0,5,0,0,0,5,0,0,0,0,0,0,0,0,0,0,0,0,0,0,0,0,0,0,0,0,0,0,0,0,0,0,0,0,0,5,5,0,0,0,0,0,5,0,0,0,0,0,0,0,0,0,0,0,0,0,0,0,0,0,0,0,50,0,0,0,10,0,0,0,0,0,0,0,0,0,0,5,0,0,0,0,0,0,0,5,0,0,0,5,0,0
"2022_KB_NE_KB9",2022,"KB",-37.21138604,146.605201,2418,1705.766479,"NE",970.4751213,0.70710808,0.707105483,10.22707799,"KB9",0,0,0,0,0,0,0,1,0,0,0,0,0,0,0,0,0,0,0,0,0,0,10,0,0,0,0,0,0,0,0,0,0,0,0,0,0,0,0,0,0,0,0,0,0,0,0,0,0,0,0,5,10,5,0,0,0,0,0,0,0,1,0,0,0,0,0,0,0,0,0,0,0,0,0,0,0,0,0,30,0,0,0,20,0,0,0,0,15,0,0,0,0,0,5,0,0,0,0,0,0,0,0,0,0,0,1,0,0
"2022_KB_NE_KB10",2022,"KB",-37.21138604,146.605201,2418,1705.766479,"NE",970.4751213,0.70710808,0.707105483,10.22707799,"KB10",0,1,0,0,0,0,0,0,0,0,0,0,0,0,0,0,0,0,0,0,0,0,5,0,0,0,0,0,0,0,0,0,0,0,0,0,0,0,0,0,0,0,0,0,0,0,0,0,0,0,0,0,5,0,0,0,0,0,0,0,0,0,0,0,0,0,0,0,0,0,0,0,0,0,0,0,0,0,0,10,0,0,0,70,0,0,0,0,0,0,0,0,0,0,0,0,0,0,0,0,0,0,1,0,0,0,1,0,0
"2022_KB_SE_KB11",2022,"KB",-37.21138604,146.605201,2418,1705.766479,"SE",927.0365646,0.707102885,-0.707110677,10.68803873,"KB11",0,1,0,0,0,0,0,1,0,0,0,0,0,0,0,0,0,0,5,0,0,0,0,0,0,0,0,0,0,0,0,0,0,0,0,0,0,0,0,0,0,0,0,0,0,0,0,0,0,0,0,5,5,5,0,0,0,0,0,0,0,5,0,0,0,0,0,0,0,0,0,0,0,0,0,0,0,0,0,35,0,0,0,0,0,0,0,0,0,0,0,0,0,0,0,0,0,0,0,0,0,0,0,0,0,0,1,0,0
"2022_KB_SE_KB12",2022,"KB",-37.21138604,146.605201,2418,1705.766479,"SE",927.0365646,0.707102885,-0.707110677,10.68803873,"KB12",0,5,0,0,0,0,0,5,0,0,0,0,0,0,0,0,0,0,5,0,0,0,5,0,0,0,0,0,0,0,0,0,0,0,0,0,0,0,0,0,0,0,0,0,0,0,0,0,0,0,0,1,0,10,0,0,0,0,0,0,0,5,0,0,5,0,0,0,0,0,0,0,0,0,0,0,0,0,0,20,0,0,0,10,0,0,0,0,0,0,0,0,0,0,0,0,0,0,0,0,0,0,0,0,0,0,5,0,0
"2022_KB_SE_KB13",2022,"KB",-37.21138604,146.605201,2418,1705.766479,"SE",927.0365646,0.707102885,-0.707110677,10.68803873,"KB13",0,0,0,0,0,0,0,0,0,0,1,0,0,0,0,0,0,0,0,0,0,0,5,0,0,0,0,0,0,0,0,0,0,0,0,0,0,0,0,0,0,0,0,0,0,0,0,0,0,0,5,5,15,0,0,0,0,0,0,0,0,0,0,0,1,0,0,0,0,0,0,0,0,0,0,0,0,0,0,10,0,0,0,40,0,0,0,0,0,0,0,0,0,0,0,0,0,0,0,0,0,0,5,0,0,0,5,0,0
"2022_KB_SE_KB14",2022,"KB",-37.21138604,146.605201,2418,1705.766479,"SE",927.0365646,0.707102885,-0.707110677,10.68803873,"KB14",0,5,0,0,0,0,0,0,0,0,1,0,0,0,0,0,0,0,5,0,0,0,5,0,0,0,0,0,0,0,0,0,0,0,0,0,0,0,0,0,0,0,0,0,0,0,0,0,0,0,0,20,15,0,0,0,0,0,0,5,0,5,0,0,0,0,0,0,0,0,0,0,0,0,0,0,0,0,0,30,0,0,0,15,0,0,0,0,0,0,0,0,0,0,0,0,0,0,0,0,0,0,1,0,0,0,5,0,0
"2022_KB_SE_KB15",2022,"KB",-37.21138604,146.605201,2418,1705.766479,"SE",927.0365646,0.707102885,-0.707110677,10.68803873,"KB15",0,5,0,0,0,0,0,0,0,0,0,0,0,0,0,0,0,0,0,0,0,0,1,0,0,0,0,0,0,0,0,0,0,0,0,0,0,0,0,0,0,0,0,0,0,0,0,0,0,0,0,0,20,0,0,0,0,0,0,0,0,0,0,0,1,0,0,0,0,0,0,0,0,0,0,0,0,0,0,15,0,0,0,15,0,0,0,0,0,0,0,0,0,0,0,0,0,0,0,0,0,0,0,0,0,10,1,0,0
"2022_KB_SW_KB16",2022,"KB",-37.21138604,146.605201,2418,1705.766479,"SW",890.5510034,-0.707113275,-0.707100288,7.6240814,"KB16",0,5,0,0,0,0,0,1,0,0,0,0,0,0,0,0,0,0,0,0,0,0,5,0,0,0,0,0,0,0,0,0,0,0,0,0,0,0,0,0,0,0,0,0,0,0,0,0,0,0,0,40,0,5,0,0,0,0,0,0,0,0,0,0,5,0,0,0,0,0,0,0,0,0,0,0,0,0,0,10,0,0,0,35,0,0,0,0,1,0,0,0,0,0,0,0,0,0,0,0,0,0,1,0,0,1,0,0,0
"2022_KB_SW_KB17",2022,"KB",-37.21138604,146.605201,2418,1705.766479,"SW",890.5510034,-0.707113275,-0.707100288,7.6240814,"KB17",0,5,0,0,0,0,5,0,0,0,0,0,0,0,0,0,0,0,1,0,0,0,1,0,0,0,0,0,0,0,0,0,0,0,0,0,0,0,0,0,0,0,0,0,0,0,0,0,0,0,0,0,10,0,0,0,0,0,0,0,0,10,0,0,5,0,0,0,0,0,0,0,0,0,0,0,0,0,0,40,0,0,0,5,0,0,0,0,0,0,0,0,0,0,0,0,0,0,0,0,0,0,0,0,0,0,5,0,0
"2022_KB_SW_KB18",2022,"KB",-37.21138604,146.605201,2418,1705.766479,"SW",890.5510034,-0.707113275,-0.707100288,7.6240814,"KB18",0,5,0,0,0,0,0,0,0,0,0,0,0,0,0,0,0,0,5,0,0,5,5,0,0,0,0,0,0,0,0,0,0,0,0,0,0,0,0,0,0,0,0,0,0,0,0,0,0,0,0,5,0,0,0,0,0,0,0,0,0,10,0,0,5,0,0,0,0,0,0,0,0,0,0,0,0,0,0,40,0,0,0,20,0,0,0,0,0,0,0,0,0,0,0,0,0,0,0,0,0,0,18,0,0,0,5,0,0
"2022_KB_SW_KB19",2022,"KB",-37.21138604,146.605201,2418,1705.766479,"SW",890.5510034,-0.707113275,-0.707100288,7.6240814,"KB19",0,1,0,0,0,0,0,1,0,0,0,0,0,0,0,0,0,0,0,0,0,0,10,0,0,0,0,0,0,0,0,0,0,0,0,0,0,0,0,0,0,0,0,0,0,0,0,0,0,0,0,20,0,0,0,0,0,0,0,0,0,5,0,0,5,0,0,0,0,0,0,0,0,0,0,0,0,0,0,55,0,0,0,0,0,0,0,0,0,0,0,0,0,0,0,0,0,0,0,0,0,0,0,0,0,0,5,0,0
"2022_KB_SW_KB20",2022,"KB",-37.21138604,146.605201,2418,1705.766479,"SW",890.5510034,-0.707113275,-0.707100288,7.6240814,"KB20",0,5,0,5,0,0,0,0,0,0,0,0,0,0,0,0,0,0,0,0,0,5,5,0,0,0,0,0,0,0,0,0,0,0,0,0,0,0,0,0,0,0,0,0,0,0,0,0,0,0,0,0,0,5,0,0,0,0,0,0,0,0,0,1,5,0,0,0,0,0,0,0,0,0,0,0,0,0,0,25,0,0,0,25,0,0,0,0,0,0,0,0,0,0,0,0,0,0,0,0,0,0,1,0,0,10,0,0,0
"2022_MBo_NW_MBo1",2022,"MBo",-36.73858602,147.288477,5000,1982.326172,"NW",923.5372381,-0.70709769,0.707115872,5.710593137,"MBo1",0,1,0,0,0,0,0,0,0,0,0,0,0,0,0,0,0,0,0,0,0,0,5,1,55,0,0,0,0,0,0,0,10,0,5,0,0,0,0,0,0,0,0,0,0,0,0,0,0,0,0,0,0,0,0,0,0,0,0,0,0,0,0,0,0,0,0,0,0,0,0,0,0,0,0,0,0,0,0,15,0,0,0,0,0,0,0,0,0,0,0,0,0,0,0,0,0,0,0,0,0,0,0,0,0,0,0,0,0
"2022_MBo_NW_MBo2",2022,"MBo",-36.73858602,147.288477,5000,1982.326172,"NW",923.5372381,-0.70709769,0.707115872,5.710593137,"MBo2",0,1,0,0,0,0,0,0,0,0,0,0,0,0,0,0,0,0,0,0,0,0,10,5,50,0,0,0,0,0,0,0,0,0,0,0,0,0,0,0,0,0,0,0,0,0,0,0,0,0,0,0,0,0,0,0,0,0,0,0,0,0,0,0,0,0,0,0,0,5,0,0,0,0,0,0,0,0,0,20,10,0,0,0,0.5,0,0,0,0,0,0,0,0,0,0,0,0,0,0,0,0,0,0,0,0,0,0,0,0
"2022_MBo_NW_MBo3",2022,"MBo",-36.73858602,147.288477,5000,1982.326172,"NW",923.5372381,-0.70709769,0.707115872,5.710593137,"MBo3",0,0,0,5,0,0,0,0,0,0,30,0,0,0,0,0,0,0,0,0,0,5,5,0,40,0,0,0,0,0,0,0,5,0,0,0,0,0,0,0,0,0,0,0,0,0,0,0,0,0,0,0,0,0,0,0,0,0,0,0,5,0,0,0,0,0,0,0,0,5,0,0,0,0,0,0,0,0,0,1,20,0,0,0,0,0,0,5,0,0,0,0,0,0,0,0,0,0,0,0,0,0,0,0,0,1,0,0,0
"2022_MBo_NW_MBo4",2022,"MBo",-36.73858602,147.288477,5000,1982.326172,"NW",923.5372381,-0.70709769,0.707115872,5.710593137,"MBo4",5,0,0,0,0,0,0,0,0,0,10,0,0,0,0,0,0,0,0,0,0,0,5,1,30,0,0,0,0,0,0,0,0,0,0,0,0,0,0,0,0,0,0,0,0,0,0,0,0,0,0,50,0,0,0,0,0,0,0,0,0,0,0,5,0,0,0,0,0,0,0,0,0,0,0,0,0,0,0,0,15,1,0,0,0,0,0,0,0,0,0,0,0,0,0,0,0,0,0,0,0,0,0,0,0,0,0,0,0
"2022_MBo_NW_MBo5",2022,"MBo",-36.73858602,147.288477,5000,1982.326172,"NW",923.5372381,-0.70709769,0.707115872,5.710593137,"MBo5",0,1,0,0,0,0,0,0,0,0,5,0,0,0,0,0,0,0,0,0,0,0,5,0,80,0,0,0,0,0,0,0,5,0,0,0,0,0,0,0,0,0,0,0,0,0,0,0,0,0,0,0,0,0,0,0,0,0,0,0,0,0,0,0,0,0,0,0,0,5,0,0,0,0,0,0,5,0,0,10,0,0,0,0,0,0,0,0,0,0,0,0,0,0,0,0,0,0,0,0,0,0,0,0,0,0,0,0,0
"2022_MBo_NE_MBo6",2022,"MBo",-36.73858602,147.288477,5000,1982.326172,"NE",952.8701016,0.70710808,0.707105483,5.710593137,"MBo6",0,1,0,0,0,0,0,0,0,0,15,0,0,0,0,0,0,0,0,0,0,0,5,0,15,0,0,0,0,0,0,0,0,0,0,0,0,0,0,0,0,0,0,0,0,0,0,0,0,0,0,65,0,0,0,0,0,0,0,0,0,0,0,0,0,0,0,0,0,0,0,0,0,0,0,0,0,0,0,0,5,0,0,0,0,0,0,0,0,0,0,0,0,0,0,0,10,0,0,0,0,0,0,0,0,0,0,0,0
"2022_MBo_NE_MBo7",2022,"MBo",-36.73858602,147.288477,5000,1982.326172,"NE",952.8701016,0.70710808,0.707105483,5.710593137,"MBo7",0,0,0,0,0,0,0,0,0,0,0,0,0,0,0,0,0,0,0,0,0,0,1,0,15,0,0,0,0,0,0,0,5,0,0,0,0,0,10,0,0,0,0,0,0,0,0,0,0,0,0,0,0,0,0,0,0,0,0,0,5,0,0,0,0,0,0,0,0,1,0,0,5,0,50,0,0,0,0,25,0,0,0,0,0,0,5,0,0,0,0,0,0,0,0,0,0,0,0,0,0,0,0,0,0,0,0,0,0
"2022_MBo_NE_MBo8",2022,"MBo",-36.73858602,147.288477,5000,1982.326172,"NE",952.8701016,0.70710808,0.707105483,5.710593137,"MBo8",0,1,0,0,0,0,0,0,0,0,0,0,0,0,0,0,0,5,0,0,0,0,10,0,65,0,0,0,0,0,0,0,0,0,5,0,0,0,0,0,0,0,0,0,0,0,0,0,0,0,0,0,0,0,0,0,0,0,0,0,0,0,0,0,0,0,0,0,0,0,0,0,0,0,0,0,0,0,0,20,0,0,0,0,0,0,0,0,0,0,0,0,0,0,0,0,0,0,0,0,0,0,0,0,0,0,0,0,0
"2022_MBo_NE_MBo9",2022,"MBo",-36.73858602,147.288477,5000,1982.326172,"NE",952.8701016,0.70710808,0.707105483,5.710593137,"MBo9",0,5,0,0,0,0,0,0,0,0,15,0,0,0,0,0,0,0,0,0,0,0,5,0,40,0,0,0,0,0,0,0,10,0,0,0,0,0,0,0,0,0,0,0,0,0,0,0,0,0,0,40,0,0,0,0,0,0,0,0,5,0,0,0,0,0,0,0,0,0,0,0,0,0,0,0,0,0,0,0,15,0,0,0,0,0,0,0,0,0,0,0,0,0,0,0,0,0,0,0,0,0,0,0,0,10,0,0,0
"2022_MBo_NE_MBo10",2022,"MBo",-36.73858602,147.288477,5000,1982.326172,"NE",952.8701016,0.70710808,0.707105483,5.710593137,"MBo10",0,1,0,0,0,0,0,0,0,0,0,0,0,0,0,0,0,0,0,0,0,0,5,1,35,0,0,0,0,0,0,0,0,0,15,0,0,0,0,0,0,0,5,0,0,0,0,0,0,0,0,0,0,0,0,0,0,0,0,1,5,0,0,0,0,0,0,0,0,0,0,0,0,0,0,0,0,0,0,40,0,0,0,0,0,0,0,0,0,0,0,0,0,0,0,0,0,0,0,0,0,0,0,0,0,5,0,0,0
"2022_MBo_SW_MBo11",2022,"MBo",-36.73858602,147.288477,5000,1982.326172,"SW",900.8925792,-0.707113275,-0.707100288,5.710593137,"MBo11",0,5,0,0,0,0,0,0,0,0,0,0,0,0,0,0,0,0,0,0,0,0,0,0,70,0,0,0,0,0,0,0,5,0,0,0,0,0,0,0,0,0,0,0,0,0,0,0,0,0,0,0,0,0,0,0,0,0,0,10,0,0,0,0,0,0,0,0,0,0,0,0,0,0,0,0,0,0,0,10,0,0,0,0,0,0,0,0,0,0,0,0,0,0,0,0,0,0,0,0,0,0,0,0,0,0,0,0,0
"2022_MBo_SW_MBo12",2022,"MBo",-36.73858602,147.288477,5000,1982.326172,"SW",900.8925792,-0.707113275,-0.707100288,5.710593137,"MBo12",0,0,20,0,0,0,0,0,0,0,0,0,0,0,0,0,0,0,0,0,0,0,0,0,1,0,0,0,0,0,0,0,0,0,5,0,0,0,0,0,0,0,0,0,0,0,0,0,0,0,0,0,0,0,0,0,0,0,0,15,0,0,0,0,0,0,0,0,0,0,0,0,1,0,0,0,0,0,0,80,0,0,0,0,0,0,0,0,0,0,0,0,0,0,0,0,0,0,0,0,0,0,0,0,0,0,0,0,0
"2022_MBo_SW_MBo13",2022,"MBo",-36.73858602,147.288477,5000,1982.326172,"SW",900.8925792,-0.707113275,-0.707100288,5.710593137,"MBo13",0,0,0,0,0,0,0,0,0,0,0,0,0,0,0,0,0,0,0,0,0,0,0,1,35,0,0,0,0,0,0,0,0,0,0,0,0,0,0,0,0,0,0,0,0,0,0,0,0,0,0,0,0,0,0,0,0,0,0,15,0,0,0,0,0,0,0,0,0,0,0,0,0,0,0,0,0,0,0,45,0,0,0,0,0,0,0,0,0,0,0,0,0,0,0,0,0,0,0,0,0,0,0,0,0,0,0,0,0
"2022_MBo_SW_MBo14",2022,"MBo",-36.73858602,147.288477,5000,1982.326172,"SW",900.8925792,-0.707113275,-0.707100288,5.710593137,"MBo14",0,5,0,0,0,0,0,0,0,0,0,0,0,0,0,0,0,0,0,0,0,0,1,0,25,0,0,0,0,0,0,0,0,0,15,0,0,0,0,0,0,0,0,0,0,0,0,0,0,0,0,0,0,0,0,0,0,0,0,0,0,0,0,0,0,0,0,0,0,0,0,0,0,0,0,0,0,0,0,50,0,0,0,0,0,0,0,0,0,0,0,0,0,0,0,0,0,0,0,0,0,0,0,0,0,0,0,0,0
"2022_MBo_SW_MBo15",2022,"MBo",-36.73858602,147.288477,5000,1982.326172,"SW",900.8925792,-0.707113275,-0.707100288,5.710593137,"MBo15",0,1,0,0,0,0,0,0,0,0,0,0,0,0,0,0,0,0,0,0,0,0,5,0,40,0,0,0,0,0,0,0,0,0,5,0,0,0,0,0,0,0,0,0,0,0,0,0,0,0,0,0,0,0,0,0,0,0,0,0,0,0,0,0,0,0,0,0,0,0,0,0,0,0,0,0,0,0,0,55,0,0,0,0,0,0,0,0,0,0,0,0,0,0,0,0,0,0,0,0,0,0,0,0,0,0,0,0,0
"2022_MBo_SE_MBo16",2022,"MBo",-36.73858602,147.288477,5000,1982.326172,"SE",930.2254427,0.707102885,-0.707110677,5.710593137,"MBo16",0,0,0,0,0,0,0,0,0,0,0,0,0,0,0,0,0,0,0,0,0,0,5,0,50,0,0,0,0,0,0,0,0,0,0,0,0,0,0,0,0,0,0,0,0,0,0,0,0,0,0,0,0,0,0,0,0,0,0,0,0,0,0,0,0,0,0,0,0,0,0,0,0,0,0,0,0,0,0,40,0,0,0,0,0,0,0,0,0,0,0,0,0,0,0,0,0,0,0,0,0,0,0,0,0,0,0,0,0
"2022_MBo_SE_MBo17",2022,"MBo",-36.73858602,147.288477,5000,1982.326172,"SE",930.2254427,0.707102885,-0.707110677,5.710593137,"MBo17",0,1,0,0,0,0,0,0,0,0,0,0,0,0,0,0,0,0,0,0,0,0,10,0,25,0,0,0,0,0,0,0,5,0,5,0,0,0,0,0,0,0,0,0,0,0,0,0,0,0,0,0,0,0,0,0,0,0,0,10,0,0,0,0,0,0,0,0,0,0,0,0,5,0,0,0,0,0,0,70,0,0,0,0,1,0,5,0,0,0,0,0,0,0,0,0,0,0,0,0,0,0,0,0,0,0,0,0,0
"2022_MBo_SE_MBo18",2022,"MBo",-36.73858602,147.288477,5000,1982.326172,"SE",930.2254427,0.707102885,-0.707110677,5.710593137,"MBo18",0,5,5,0,0,0,0,0,0,0,0,0,0,0,0,0,0,0,0,0,0,0,5,1,1,0,0,0,0,0,0,0,0,0,10,0,0,0,0,0,0,0,0,0,0,0,0,0,0,0,0,0,0,0,0,0,0,0,0,0,0,0,0,0,0,0,0,0,0,0,0,0,0,0,0,0,0,0,0,60,0,0,0,0,0,0,0,0,0,0,0,0,0,0,0,0,0,0,0,0,0,0,0,0,0,0,0,0,0
"2022_MBo_SE_MBo19",2022,"MBo",-36.73858602,147.288477,5000,1982.326172,"SE",930.2254427,0.707102885,-0.707110677,5.710593137,"MBo19",0,1,0,0,0,0,0,0,0,0,0,0,0,0,0,0,0,0,0,0,0,0,5,0,10,0,0,0,0,0,0,0,15,0,0,0,0,0,0,0,0,0,0,0,0,0,0,0,0,0,0,0,0,0,0,0,0,0,0,0,5,0,0,0,0,0,0,0,0,0,0,0,0,0,0,0,10,0,0,60,0,0,0,0,0,0,0,0,0,0,0,0,0,0,0,0,0,0,0,0,0,0,0,0,0,0,0,0,0
"2022_MBo_SE_MBo20",2022,"MBo",-36.73858602,147.288477,5000,1982.326172,"SE",930.2254427,0.707102885,-0.707110677,5.710593137,"MBo20",0,5,0,0,0,0,0,0,0,0,0,0,0,0,0,0,0,0,0,0,0,0,5,0,70,0,0,0,0,0,0,0,10,0,0,0,0,0,0,0,0,0,0,0,0,0,0,0,0,0,0,0,0,0,0,0,0,0,0,0,0,0,0,0,0,0,0,0,0,0,0,0,0,0,0,0,0,0,0,20,0,0,0,0,0,0,1,0,0,0,0,0,0,0,0,0,0,0,0,0,0,0,0,0,0,0,0,0,0
"2022_MBu_SW_MBu1",2022,"MBu",-37.14356697,146.421798,612,1760.844482,"SW",833.4379577,-0.707113275,-0.707100288,15.95682567,"MBu1",0,10,0,0,0,0,0,0,0,0,0,0,0,0,0,0,0,0,5,0,0,0,10,0,0,0,0,0,0,0,0,10,0,0,0,0,0.5,0,0,0,0,0,0,0,0,0,0,0,0,0,0,0,0,5,0,0,0,0,0,0,0,10,5,0,0,0,0,0,0,0,0,0,0,0,0,0,0,0,0,40,0,0,0,0,0,0,0,0,0,0,0,0,0,0,0,0,0,0,0,0,0,0,1,0,0,0,0,0,0
"2022_MBu_SW_MBu2",2022,"MBu",-37.14356697,146.421798,612,1760.844482,"SW",833.4379577,-0.707113275,-0.707100288,15.95682567,"MBu2",0,5,0,0,0,0,0,0,0,0,0,0,0,0,0,0,0,0,0,0,0,0,20,0,0,0,0,0,0,0,0,10,0,0,0,0,0,0,0,0,0,0,0,0,0,0,0,0,0,0,0,0,0,5,0,0,0,0,0,0,0,0,5,0,0.5,0,0,0,0,0,0,0,0,0,0,0,0,0,0,60,0,0,0,20,0,0,0,0,0,0,0,0,0,0,0,0,0,0,0,0,0,0,1,0,0,0,0,0,0
"2022_MBu_SW_MBu3",2022,"MBu",-37.14356697,146.421798,612,1760.844482,"SW",833.4379577,-0.707113275,-0.707100288,15.95682567,"MBu3",0,0.5,10,0,0,0,0,0,0,0,0,0,0,0,0,0,0,0,0,0,5,0,5,0,0,0,0,0,0,0,0,0,0,0,0,0,0,0,0,0,0,0,0,0,0,0,0,0,0,0,0,0,0,15,0,0,0,0,0,15,0,0,15,0,5,0,0,0,0,0,0,0,0,0,0,0,0,0,0,50,0,0,0,0,0,0,0,0,0,0,0,0,0,0,0,0,0,0,0,0,0,0,0,0,0,0.5,1,0,0
"2022_MBu_SW_MBu4",2022,"MBu",-37.14356697,146.421798,612,1760.844482,"SW",833.4379577,-0.707113275,-0.707100288,15.95682567,"MBu4",0,1,0,0,0,0,0,0,0,0,0,0,20,0,0,0,0,0,0,0,1,0,20,0,0,0,0,0,0,0,0,10,0,0,0,0,0,0,0,0,0,0,0,0,0,0,0,0,0,0,0,0,0,15,0,0,0,0,0,0,0,0,0,0,5,0,0,0,0,1,0,0,0,0,0,0,0,0,0,60,0,0,0,5,0,0,0,0,0,0,0,0,0,0,0,0,0,0,0,0,0,0,1,0,0,5,0,0,0
"2022_MBu_SW_MBu5",2022,"MBu",-37.14356697,146.421798,612,1760.844482,"SW",833.4379577,-0.707113275,-0.707100288,15.95682567,"MBu5",0,1,0,0,0,0,0,0,0,0,0,0,10,0,0,0,0,0,0,0,1,0,10,0,0,0,0,0,0,0,0,25,0,0,0,0,0,0,0,0,0,0,0,0,0,0,0,0,0,0,0,0,0,5,0,0,0,1,0,0,0,0,0,0,1,0,0,0,0,0.5,0,0,0,0,0,0,0,0,0,35,0,0,0,0,0,0,0,0,0,0,0,0,0,0,0,0,0,0,0,0,0,0,1,0,0,0,0,0,0
"2022_MBu_NW_MBu6",2022,"MBu",-37.14356697,146.421798,612,1760.844482,"NW",900.7116074,-0.70709769,0.707115872,15.56655159,"MBu6",0,10,0,0,0,0,0,0,0,0,0,0,15,0,0,0,0,0,10,0,5,0,15,0,0,0,0,0,0,0,0,0,0,0,0,0,0,0,0,0,0,0,0,0,0,0,0,0,0,0,0,0,0,5,0,0,0,0,0,0,0,0,0,0,10,0,0,0,0,0.5,0,0,0,0,0,0,0,0,0,60,0,0,0,0,0,0,0,0,0,0,0,0,0,0,0,0,0,0,0,1,0,0,1,0,0,0,0,0,0
"2022_MBu_NW_MBu7",2022,"MBu",-37.14356697,146.421798,612,1760.844482,"NW",900.7116074,-0.70709769,0.707115872,15.56655159,"MBu7",0,0,0,0,0,0,0,0,0,0,0,0,20,0,0,0,0,0,0,0,5,0,5,0,0,0,0,0,0,0,0,15,0,0,0,0,0,0,0,0,0,0,0,0,0,0,0,0,0,0,0,0,0,1,0,0,0,0,0,0,0,0,0,0,5,0,0,0,0,0,0,0,0,0,0,0,0,0,0,80,0,0,0,0,0,0,0,0,0,0,0,0,0,0,0,0,0,0,0,0,0,0,5,0,0,0,0,0,0
"2022_MBu_NW_MBu8",2022,"MBu",-37.14356697,146.421798,612,1760.844482,"NW",900.7116074,-0.70709769,0.707115872,15.56655159,"MBu8",0,1,0,0,0,0,0,0,0,0,0,0,0,0,0,0,0,0,0,0,0,0,1,0,0,0,0,0,0,0,0,10,0,0,0,0,0,0,0,0,0,0,0,0,0,0,0,0,0,0,0,0,0,1,0,0,0,0,0,0,0,0,0,0,1,0,0,0,0,0,0,0,0,0,0,0,0,0,0,10,0,1,0,80,0,0,0,0,0,0,0,0,0,0,0,0,0,0,0,0,0,0,0.5,0,0,0,0,0,0
"2022_MBu_NW_MBu9",2022,"MBu",-37.14356697,146.421798,612,1760.844482,"NW",900.7116074,-0.70709769,0.707115872,15.56655159,"MBu9",0,1,0,0,0,0,0,0,0,0,0,0,0,0,0,0,0,0,0,0,0,0,1,0,0,0,0,0,0,0,0,5,0,0,0,0,0,0,0,0,0,0,0,0,20,0,0,0,0,0,5,0,0,5,0,0,0,0,0,0,0,0,0,0,5,0,0,0,0,1,0,0,0,0,0,0,0,10,0,40,0,0,0,30,0,0,0,0,0,0,0,0,0,0,0,0,0,0,0,0,0,0,1,0,0,0,0,0,0
"2022_MBu_NW_MBu10",2022,"MBu",-37.14356697,146.421798,612,1760.844482,"NW",900.7116074,-0.70709769,0.707115872,15.56655159,"MBu10",0,5,0,0,0,0,0,0,0,0,0,0,0,0,0,0,0,0,0,0,0,0,1,5,0,0,0,0,0,0,0,0,0,0,0,0,0,0,0,0,0,0,0,0,0,0,0,0,0,0,0,0,0,1,0,0,0,0,0,0,0,0,0,0,0,0,0,0,0,0,0,0,0,0,0,0,0,0,0,20,0,0,0,70,0,0,0,0,0,0,0,0,0,0,0,0,0,0,0,0,0,0,5,0,0,0,0,0,0
"2022_MBu_NE_MBu11",2022,"MBu",-37.14356697,146.421798,612,1760.844482,"NE",986.1971755,0.70710808,0.707105483,16.04879374,"MBu11",0,5,0,0,0,0,0,0,0,0,0,0,0,0,0,0,0,0,0,0,0,0,10,0,0,0,0,0,0,0,0,20,0,0,0,0,0,0,0,0,0,0,0,0,0,0,0,0,0,0,0,40,0,10,0,0,0,0,0,0,0,0,0,0,1,0,0,0,0,0,0,0,0,0,0,0,0,0,0,40,0,0.5,0,15,0,0,0,0,0,0,0,0,0,0,0,0,0,0,0,0,0,0,1,0,0,0,0,0,0
"2022_MBu_NE_MBu12",2022,"MBu",-37.14356697,146.421798,612,1760.844482,"NE",986.1971755,0.70710808,0.707105483,16.04879374,"MBu12",0,5,0,0,0,0,0,0,0,0,0,0,40,0,0,0,0,0,0,0,5,0,0,0,0,0,0,0,0,0,0,0,0,0,0,0,0,0,0,0,0,0,0,0,0,0,0,0,0,0,0,0,0,0,0,0,0,0,0,0,0,0,0,0,0,0,0,0,0,0,0,0,0,0,0,0,0,0,0,10,0,0,0,30,0,0,0,0,0,0,0,0,0,0,0,0,0,0,0,0,0,0,1,0,0,0,0,0,0
"2022_MBu_NE_MBu13",2022,"MBu",-37.14356697,146.421798,612,1760.844482,"NE",986.1971755,0.70710808,0.707105483,16.04879374,"MBu13",0,1,0,0,0,0,0,0,0,0,0,0,5,0,0,0,0,0,0,0,0,0,0,0,0,0,0,0,0,0,0,5,0,0,0,0,0,0,0,0,0,0,0,0,0,0,0,0,0,0,0,0,0,10,0,0,0,0,0,0,0,0,0,0,1,0,0,0,0,0,0,0,0,0,0,0,0,0,0,30,0,0,0,5,0,0,0,0,0,0,0,0,0,0,0,0,0,0,0,0,0,0,1,0,0,0,0,0,0
"2022_MBu_NE_MBu14",2022,"MBu",-37.14356697,146.421798,612,1760.844482,"NE",986.1971755,0.70710808,0.707105483,16.04879374,"MBu14",0,1,0,0,0,0,0,0,0,0,0,0,0,0,0,0,0,0,0,0,0,0,0,0,0,0,0,0,0,0,0,0,0,0,0,0,0,0,0,0,0,0,0,0,0,0,0,0,0,0,0,0,0,1,0,0,0,0,0,0,0,0,0,0,0,0,0,0,0,0,0,0,0,0,0,0,0,0,0,30,0,0,0,60,0,0,0,0,0,0,0,0,0,0,0,0,0,0,0,0,0,0,0,0,0,0,0,0,0
"2022_MBu_NE_MBu15",2022,"MBu",-37.14356697,146.421798,612,1760.844482,"NE",986.1971755,0.70710808,0.707105483,16.04879374,"MBu15",0,5,0,0,0,0,0,0,0,0,0,0,0,0,0,0,0,0,0,0,0,0,0,0,0,0,0,0,0,0,0,0,0,0,0,0,0,0,0,0,0,0,0,0,0,0,0,0,0,0,0,0,0,10,0,0,0,0,0,0,0,0,0,0,1,0,0,0,0,0,0,0,0,0,0,0,0,0,0,20,0,0,0,10,0,0,0,0,0,0,0,0,0,0,0,0,0,0,0,0,0,0,1,0,0,0,0,0,0
"2022_MBu_SE_MBu16",2022,"MBu",-37.14356697,146.421798,612,1760.844482,"SE",919.0283761,0.707102885,-0.707110677,16.43906782,"MBu16",0,5,0,0,0,0,0,0,0,0,0,0,0,0,0,0,0,0,5,0,0,0,20,0,0,0,0,0,0,0,0,0,0,0,0,0,0,0,0,0,0,0,0,0,0,0,0,0,0,0,0,0,0,20,0,0,0,0,0,0,0,0,0,0,0,0,0,0,0,0,0,0,0,0,0,0,0,0,0,20,0,0,0,0,0,0,0,0,0,0,0,0,0,0,0,0,0,0,0,0,0,0,5,0,0,0,0,0,0
"2022_MBu_SE_MBu17",2022,"MBu",-37.14356697,146.421798,612,1760.844482,"SE",919.0283761,0.707102885,-0.707110677,16.43906782,"MBu17",0,5,0,0,0,0,0,0,0,0,0,0,5,0,0,0,0,0,0,0,0,0,5,0,0,0,0,0,0,0,0,0,0,0,0,0,0,0,0,0,0,0,0,0,0,0,0,0,0,0,0,25,0,1,0,0,0,0,0,0,0,0,0,0,0,0,0,0,0,0.5,0,0,0,0,0,0,0,0,0,20,0,0.5,0,20,0,0,0,0,0,0,0,0,0,0,0,0,0,0,0,0,0,0,1,0,0,0,0,0,0
"2022_MBu_SE_MBu18",2022,"MBu",-37.14356697,146.421798,612,1760.844482,"SE",919.0283761,0.707102885,-0.707110677,16.43906782,"MBu18",0,1,0,0,0,0,0,0,0,0,0,0,5,0,0,0,0,0,0,0,0,0,0,0,0,0,0,0,0,0,0,5,0,0,0,0,0,0,0,0,0,0,0,0,0,0,0,0,0,0,0,0,0,0,0,0,0,0,0,0,0,0,0,0,0,0,0,0,0,0,0,0,0,0,0,0,0,0,0,40,5,0,0,40,0,0,0,0,0,0,0,0,0,0,0,0,0,0,0,0,0,0,1,0,0,0,0,0,0
"2022_MBu_SE_MBu19",2022,"MBu",-37.14356697,146.421798,612,1760.844482,"SE",919.0283761,0.707102885,-0.707110677,16.43906782,"MBu19",0,0,0,0,0,0,0,0,0,0,0,0,10,0,0,0,0,0,0,0,0,0,5,0,0,0,0,0,0,0,0,10,0,0,0,0,0,0,0,0,0,0,0,0,0,0,0,0,0,0,0,0,0,15,0,0,0,0.5,0,0,0,5,10,0,0,0,0,0,0,0.5,0,0,0,0,0,0,0,0,0,30,0,0,0,5,0,0,0,0,0,0,0,0,0,0,0,0,0,0,0,0,0,0,1,0,0,1,0,0,0
"2022_MBu_SE_MBu20",2022,"MBu",-37.14356697,146.421798,612,1760.844482,"SE",919.0283761,0.707102885,-0.707110677,16.43906782,"MBu20",0,1,0,0,0,0,0,0,0,0,0,0,0,0,0,0,0,0,0,0,0,0,1,0,0,0,0,0,0,0,0,10,0,0,0,0,0,0,0,0,0,0,0,0,0,0,0,0,0,0,0,0,0,10,0,0,0,0,0,0,0,0,0,0,0,0,0,0,0,0,0,0,0,0,0,0,0,0,0,40,0,0,0,15,0,0,0,0,0,0,0,0,0,0,0,0,0,0,0,0,0,0,5,0,0,0,0,0,0
"2022_MM_SW_MM1",2022,"MM",-37.18933803,146.620695,1710,1728.878052,"SW",874.9990681,-0.707113275,-0.707100288,10.8049878,"MM1",0,5,0,0,0,0,0,0,0,0,5,0,0,0,0,0,0,0,5,0,0,0,0,0,0,0,0,0,0,0,0,1,0,0,0,0,0,0,0,0,0,0,0,0,0,0,0,0,0,0,0,0,10,5,0,0,0,0,0,0,5,0,0,0,15,0,0,0,0,0,0,0,0,0,0,0,0,0,0,80,0,0,0,0,0,0,0,0,0,0,0,5,0,0,0,0,0,0,0,0,0,0,0,1,0,0,0,0,0
"2022_MM_SW_MM2",2022,"MM",-37.18933803,146.620695,1710,1728.878052,"SW",874.9990681,-0.707113275,-0.707100288,10.8049878,"MM2",0,5,0,10,0,0,0,0,0,0,5,0,0,0,0,0,0,0,0,0,0,0,0,0,0,0,0,0,0,0,0,0,0,0,0,0,0,0,0,0,0,0,0,0,0,0,10,0,0,0,0,0,20,0,0,0,0,0,0,0,0,0,0,0,5,0,0,0,0,0,0,0,0,0,0,0,0,0,0,60,0,0,0,0,0,0,0,0,0,0,0,0,0,0,0,0,0,0,0,0,0,0,5,0,0,0,0,0,0
"2022_MM_SW_MM3",2022,"MM",-37.18933803,146.620695,1710,1728.878052,"SW",874.9990681,-0.707113275,-0.707100288,10.8049878,"MM3",0,5,0,10,0,0,0,0,0,0,5,0,0,0,0,0,0,0,0,0,15,0,5,0,0,0,0,0,0,0,0,5,0,0,0,0,0,0,0,0,0,0,0,0,0,0,0,0,0,0,0,0,30,5,0,0,0,0,0,0,1,0,0,0,0,0,0,0,0,0,0,0,0,0,0,0,5,0,0,50,0,0,0,0,0,0,0,0,0,0,0,0,0,0,0,0,0,0,0,0,0,10,10,0,0,1,0,0,0
"2022_MM_SW_MM4",2022,"MM",-37.18933803,146.620695,1710,1728.878052,"SW",874.9990681,-0.707113275,-0.707100288,10.8049878,"MM4",0,5,0,10,0,0,0,0,0,0,10,0,0,0,0,0,0,0,0,0,20,0,5,0,0,0,0,0,0,0,0,0,0,0,0,0,0,0,0,0,0,0,0,0,0,0,10,0,0,0,0,0,40,5,0,0,0,0,0,0,0,0,0,0,5,0,0,0,0,0,0,0,0,0,0,0,0,0,0,50,0,0,0,0,0,0,0,0,0,0,0,0,0,0,0,0,0,0,0,0,0,0,0,0,0,0,0,0,0
"2022_MM_SW_MM5",2022,"MM",-37.18933803,146.620695,1710,1728.878052,"SW",874.9990681,-0.707113275,-0.707100288,10.8049878,"MM5",0,10,0,0,0,0,0,0,0,0,10,0,0,0,0,0,0,0,0,0,20,0,0,0,0,0,0,0,0,0,0,0,0,0,0,0,0,0,0,0,0,0,0,0,0,0,0,0,0,0,0,0,30,10,0,0,0,0,0,0,1,0,0,0,5,0,0,0,0,0,0,0,0,0,0,0,10,0,0,50,0,0,0,0,0,0,0,0,0,0,0,0,0,0,0,0,0,0,0,0,0,0,0,0,0,0,0,0,0
"2022_MM_NW_MM6",2022,"MM",-37.18933803,146.620695,1710,1728.878052,"NW",912.5499974,-0.70709769,0.707115872,12.81454495,"MM6",0,5,0,5,0,0,0,0,0,0,5,0,0,0,0,0,0,0,0,0,0,0,0,0,0,0,0,0,0,0,0,0,0,0,0,0,0,0,0,0,0,0,0,0,0,0,0,0,5,0,5,0,20,10,0,0,1,0,0,0,0,5,0,0,5,0,0,0,0,0,0,0,0,0,0,0,5,0,0,60,0,0,0,0,0,0,0,0,0,5,0,0,0,5,0,0,0,0,0,0,0,0,5,0,0,0,0,0,0
"2022_MM_NW_MM7",2022,"MM",-37.18933803,146.620695,1710,1728.878052,"NW",912.5499974,-0.70709769,0.707115872,12.81454495,"MM7",0,1,0,5,0,0,0,0,0,0,10,0,0,0,0,0,0,0,20,5,0,0,20,0,0,0,0,0,0,0,0,0,0,0,0,0,0,0,0,0,0,0,0,0,0,0,0,0,0,0,0,0,10,1,0,0,0,0,0,0,0,0,0,0,5,0,0,0,0,0,0,0,0,0,0,0,0,0,0,70,0,0,0,0,0,0,0,0,0,0,0,5,0,0,0,0,0,0,0,0,0,0,5,0,0,0,0,0,0
"2022_MM_NW_MM8",2022,"MM",-37.18933803,146.620695,1710,1728.878052,"NW",912.5499974,-0.70709769,0.707115872,12.81454495,"MM8",0,5,0,10,0,0,0,0,0,0,15,0,0,0,0,0,0,0,0,10,0,0,5,0,0,0,0,0,0,0,0,0,0,0,0,0,0,0,0,0,0,0,0,0,0,0,0,0,0,0,0,0,25,5,0,0,0,0,0,0,0,0,0,0,1,0,0,0,0,0,0,0,0,0,0,0,0,0,0,35,0,0,0,0,0,0,0,0,0,0,0,0,0,20,0,0,0,0,0,0,0,0,1,0,0,0,0,0,0
"2022_MM_NW_MM9",2022,"MM",-37.18933803,146.620695,1710,1728.878052,"NW",912.5499974,-0.70709769,0.707115872,12.81454495,"MM9",0,5,0,10,0,0,0,0,0,0,0,0,0,0,0,0,0,0,10,0,0,0,5,0,0,0,0,0,0,0,0,0,0,0,0,0,0,0,0,0,0,0,0,0,0,0,0,0,0,0,0,0,15,5,0,0,0,0,0,0,0,0,0,0,5,0,0,0,0,0,0,0,0,0,0,0,0,0,0,40,0,0,0,0,0,0,0,0,0,10,0,1,0,0,0,0,0,0,0,0,0,0,5,0,0,20,0,0,0
"2022_MM_NW_MM10",2022,"MM",-37.18933803,146.620695,1710,1728.878052,"NW",912.5499974,-0.70709769,0.707115872,12.81454495,"MM10",0,10,0,0,0,0,0,0,0,0,0,0,0,0,0,0,0,0,0,0,0,0,10,0,0,0,0,0,0,0,0,10,0,0,0,0,0,0,0,0,0,0,0,0,0,0,0,0,0,0,0,0,20,5,0,0,0,0,0,0,0,0,0,0,0,0,0,0,0,0,0,0,0,0,0,0,0,0,0,40,0,0,0,0,0,0,0,0,0,0,10,10,0,0,0,0,0,0,0,0,0,0,5,0,0,0,0,0,0
"2022_MM_NE_MM11",2022,"MM",-37.18933803,146.620695,1710,1728.878052,"NE",977.3224258,0.70710808,0.707105483,10.22707799,"MM11",0,5,0,10,0,0,0,0,0,0,0,0,0,0,0,0,0,0,10,0,0,0,5,0,0,0,0,0,0,0,0,0,0,0,0,0,0,0,0,0,0,0,0,0,0,0,0,0,0,0,0,0,25,10,0,0,0,0,0,0,0,0,0,0,5,0,0,0,0,0,0,0,0,0,0,0,0,0,0,40,0,0,0,0,0,0,0,0,0,0,0,0,0,30,0,0,0,0,0,0,0,0,1,0,0,0,0,0,0
"2022_MM_NE_MM12",2022,"MM",-37.18933803,146.620695,1710,1728.878052,"NE",977.3224258,0.70710808,0.707105483,10.22707799,"MM12",0,5,0,10,0,0,0,0,0,0,0,0,0,0,0,0,0,0,0,0,0,0,5,0,0,0,0,0,0,0,5,0,0,0,0,0,0,0,0,0,0,0,0,0,0,0,0,0,0,0,0,0,25,15,0,0,0,0,0,0,0,0,0,0,0,0,0,0,0,0,0,0,0,0,0,0,10,0,0,50,0,0,0,0,0,0,0,0,0,0,0,0,0,0,0,0,0,0,0,0,0,0,5,0,0,0,0,0,0
"2022_MM_NE_MM13",2022,"MM",-37.18933803,146.620695,1710,1728.878052,"NE",977.3224258,0.70710808,0.707105483,10.22707799,"MM13",0,10,5,0,0,0,0,0,0,0,5,0,0,0,0,0,0,0,0,0,0,0,0,1,0,0,0,0,0,0,0,0,0,0,0,0,0,0,0,0,0,0,0,0,0,0,0,0,0,0,0,0,30,5,0,0,0,0,0,0,0,0,0,5,1,0,0,0,0,0,0,0,0,0,0,0,0,0,0,30,0,0,0,0,0,0,0,0,0,0,0,0,0,0,0,1,0,0,0,0,0,0,5,0,0,0,0,0,0
"2022_MM_NE_MM14",2022,"MM",-37.18933803,146.620695,1710,1728.878052,"NE",977.3224258,0.70710808,0.707105483,10.22707799,"MM14",0,5,0,0,0,0,0,0,0,0,10,0,0,0,0,0,0,0,5,0,5,0,20,0,0,0,0,0,0,0,0,0,0,0,0,0,0,0,0,0,0,0,0,0,0,0,0,0,0,0,0,0,25,15,0,0,0,0,0,0,0,5,0,0,10,0,0,0,0,0.5,0,0,0,0,0,0,0,0,0,35,0,0,0,0,0,0,0,0,0,0,0,15,0,0,0,0,0,0,0,0,0,0,1,0,0,0,0,0,0
"2022_MM_NE_MM15",2022,"MM",-37.18933803,146.620695,1710,1728.878052,"NE",977.3224258,0.70710808,0.707105483,10.22707799,"MM15",0,10,0,0,0,0,0,0,0,0,0,0,0,0,0,0,0,0,0,0,0,0,5,0,0,0,0,0,0,0,0,0,0,0,0,0,0,0,0,0,0,0,0,0,0,0,0,0,0,0,0,0,40,10,0,0,0,0,0,0,0,0,0,0,5,0,0,0,0,0,0,0,0,0,0,0,0,0,0,30,0,0,0,0,0,0,0,0,0,0,0,10,0,0,0,0,0,0,0,0,0,0,1,0,0,0,0,0,0
"2022_MM_SE_MM16",2022,"MM",-37.18933803,146.620695,1710,1728.878052,"SE",938.2867895,0.707102885,-0.707110677,8.217520837,"MM16",0,10,0,0,0,0,0,0,0,0,10,0,0,0,0,0,0,0,0,0,10,0,5,1,0,0,0,0,0,0,0,5,0,0,0,0,0,0,0,0,0,0,0,0,0,0,25,0,0,0,0,0,30,15,0,0,0,0,0,0,0,0,5,0,10,0,0,0,0,0,0,0,0,0,0,0,0,0,0,40,0,0,0,0,0,0,0,0,0,0,0,0,0,0,0,0,0,0,0,0,0,0,5,0,0,0,0,0,0
"2022_MM_SE_MM17",2022,"MM",-37.18933803,146.620695,1710,1728.878052,"SE",938.2867895,0.707102885,-0.707110677,8.217520837,"MM17",0,5,0,0,0,0,0,0,0,0,0,0,0,0,0,0,0,0,0,0,5,0,5,0,0,0,0,0,0,0,0,0,0,0,0,0,0,0,0,0,0,0,0,0,0,0,0,0,0,0,0,0,50,5,0,0,0,0,0,0,0,0,0,0,5,0,0,0,0,0,0,0,0,0,0,0,0,0,0,40,0,0,0,0,0,0,0,0,0,0,0,0,0,0,0,0,0,0,0,0,0,0,5,0,0,0,0,0,0
"2022_MM_SE_MM18",2022,"MM",-37.18933803,146.620695,1710,1728.878052,"SE",938.2867895,0.707102885,-0.707110677,8.217520837,"MM18",0,15,0,0,0,0,0,0,0,0,0,0,0,0,0,0,0,0,0,0,5,0,5,0,0,0,0,0,0,0,0,0,0,0,0,0,0,0,0,0,0,0,0,0,0,0,10,0,0,0,0,0,60,5,0,0,0,0,0,0,0,0,0,0,0,0,0,0,0,0,0,0,0,0,0,0,0,0,0,5,0,0,0,0,0,0,0,0,0,0,0,0,0,0,0,0,0,0,0,0,0,0,20,0,0,0,0,0,0
"2022_MM_SE_MM19",2022,"MM",-37.18933803,146.620695,1710,1728.878052,"SE",938.2867895,0.707102885,-0.707110677,8.217520837,"MM19",0,10,0,0,0,0,0,0,0,0.5,5,0,0,0,0,0,0,0,0,0,15,0,1,1,0,0,0,0,0,0,0,0,0,0,0,0,0,0,0,0,0,0,0,0,0,0,10,0,0,0,0,0,50,0,0,0,0,0,0,0,0,0,5,15,0,0,0,0,0,0,0,0,0,0,0,0,0,0,0,25,0,0,0,0,0,0,0,0,0,0,0,0,0,0,0,0,0,0,0,0,0,0,0,0,0,0,0,0,0
"2022_MM_SE_MM20",2022,"MM",-37.18933803,146.620695,1710,1728.878052,"SE",938.2867895,0.707102885,-0.707110677,8.217520837,"MM20",0,0,0,0,0,0,0,0,0,0,5,0,0,0,0,0,0,0,0,0,30,0,5,0,0,0,0,0,0,0,25,10,0,0,0,0,0,0,0,0,0,0,0,0,0,0,0,0,0,0,0,0,35,0,0,0,0,0,0,0,0,0,0,0,5,0,0,0,0,0,0,0,0,0,0,0,0,0,0,20,0,0,0,0,0,0,0,0,0,0,0,0,0,0,0,0,0,0,0,0,0,0,10,0,0,0,0,0,0
"2022_MSp_SW_MSp1",2022,"MSp",-37.125625,146.642424,1197,1641,"SW",838.8125742,-0.707113275,-0.707100288,13.30339076,"MSp1",0,0,0,10,0,0,0,0,0,0,0,0,0,0,0,0,0,0,0,0,0,0,0,0,0,0,0,0,0,0,0,0,0,0,0,0,0,0,0,0,0,0,0,0,0,0,0,0,0,0,0,0,5,0,0,0,0,0,5,0,0,0,0,0,0,0,0,0,0,0,0,0,0,0,0,0,0,0,0,10,0,0,0,80,0,0,0,0,0,0,0,0,0,0,0,0,0,0,0,0,0,0,0,0,0,0,0,0,0
"2022_MSp_SW_MSp2",2022,"MSp",-37.125625,146.642424,1197,1641,"SW",838.8125742,-0.707113275,-0.707100288,13.30339076,"MSp2",0,0,0,5,0,0,0,0,0,0,0,0,0,0,0,0,0,0,0,0,0,0,10,0,0,0,0,0,0,0,0,0,0,0,0,0,0,0,0,0,0,0,0,0,0,0,20,0,0,0,0,0,70,10,0,0,0,0,0,0,0,0,0,0,1,0,0,0,0,0,0,0,0,0,0,0,0,0,0,40,0,0,0,5,0,0,0,0,0,0,0,0,0,0,0,0,0,0,0,0,0,0,5,0,0,0,0,0,0
"2022_MSp_SW_MSp3",2022,"MSp",-37.125625,146.642424,1197,1641,"SW",838.8125742,-0.707113275,-0.707100288,13.30339076,"MSp3",0,0,0,20,0,0,0,0,0,25,0,0,0,0,0,0,0,0,0,5,0,0,10,0,0,5,0,0,0,0,0,5,0,0,0,0,0,0,0,0,0,0,0,0,0,0,15,0,1,0,0,0,15,15,0,0,15,0,0,1,0,0,1,0,0,0,0,0,0,0,0,0,0,0,0,0,0,0,0,40,0,0,0,15,0,0,0,0,0,0,0,5,0,0,0,0,0,0,0,0,0,0,10,0,0,5,0,0,0
"2022_MSp_SW_MSp4",2022,"MSp",-37.125625,146.642424,1197,1641,"SW",838.8125742,-0.707113275,-0.707100288,13.30339076,"MSp4",0,0,20,15,0,0,0,0,0,5,0,0,0,0,0,0,0,0,0,0,0,0,20,0,0,0,5,0,0,0,0,0,0,0,0,0,0,0,0,0,0,0,0,0,0,0,5,0,0,0,0,0,20,10,0,0,5,0,0,0,0,0,0,0,0,0,0,0,0,0,0,0,0,0,0,0,0,0,0,55,0,0,0,0,0,0,0,0,0,0,0,0,0,0,0,0,0,0,0,0,0,0,10,0,0,5,0,0,0
"2022_MSp_SW_MSp5",2022,"MSp",-37.125625,146.642424,1197,1641,"SW",838.8125742,-0.707113275,-0.707100288,13.30339076,"MSp5",0,0,0,15,0,0,0,0,0,0,0,0,0,0,0,0,0,0,0,5,0,0,5,0,0,0,5,0,0,0,0,0,0,0,0,0,0,0,0,0,0,0,0,0,0,0,0,0,0,0,10,0,35,0,0,0,0,0,15,0,0,0,0,0,0,0,0,0,0,0,0,0,0,0,0,0,5,0,0,30,0,0,0,15,0,0,0,0,0,0,0,0,0,0,0,0,0,0,0,0,0,0,0,0,1,0,0,0,0
"2022_MSp_SE_MSp6",2022,"MSp",-37.125625,146.642424,1197,1641,"SE",891.0730551,0.707102885,-0.707110677,19.10202799,"MSp6",0,0,0,0,0,0,0,0,0,0,0,0,0,0,0,0,0,0,0,5,5,0,20,0,0,0,0,0,0,0,0,5,10,0,0,0,0,0,0,0,0,0,0,0,0,0,5,0,0,0,0,0,0,10,0,0,0,0,0,0,0,10,0,0,10,0,0,0,0,0,0,0,0,0,0,0,0,0,0,80,0,0,0,5,0,0,0,0,0,0,0,0,0,0,0,0,0,0,0,0,0,0,5,0,0,0,0,0,0
"2022_MSp_SE_MSp7",2022,"MSp",-37.125625,146.642424,1197,1641,"SE",891.0730551,0.707102885,-0.707110677,19.10202799,"MSp7",0,0,0,0,0,0,0,0,0,1,0,0,0,0,0,0,0,0,0,0,0,0,15,0,0,0,0,0,0,0,0,0,0,0,0,0,0,0,0,0,0,0,0,0,0,0,0,0,0,0,0,0,0,0,0,0,0,0,0,0,0,0,0,0,0,0,0,0,0,0,0,0,0,0,0,0,0,0,0,30,0,0,0,40,0,0,0,0,0,0,0,0,0,0,0,0,0,0,0,0,0,0,15,0,0,0,0,0,0
"2022_MSp_SE_MSp8",2022,"MSp",-37.125625,146.642424,1197,1641,"SE",891.0730551,0.707102885,-0.707110677,19.10202799,"MSp8",0,0,0,30,0,0,0,0,0,5,0,0,0,0,0,0,0,0,0,5,0,0,5,0,0,0,0,0,0,0,0,5,0,0,0,0,0,0,0,0,0,0,0,0,0,0,10,0,0,0,0,0,5,5,0,0,10,0,0,0,0,0,0,0,0,0,0,0,0,0,0,0,0,0,0,0,0,0,0,60,0,0,0,0,0,0,0,0,0,0,0,0,0,0,0,0,0,0,0,0,0,0,5,10,0,5,0,0,0
"2022_MSp_SE_MSp9",2022,"MSp",-37.125625,146.642424,1197,1641,"SE",891.0730551,0.707102885,-0.707110677,19.10202799,"MSp9",0,0,0,0,0,0,0,0,0,0,0,0,0,0,0,0,0,0,0,0,10,0,10,0,0,0,0,0,0,0,0,5,0,0,0,0,0,0,0,0,0,0,0,0,0,0,5,0,0,0,0,0,40,5,0,0,5,0,0,0,0,0,0,0,5,0,0,0,0,0,0,0,0,0,0,0,1,0,0,50,0,0,0,0,0,0,0,0,0,0,0,0,0,0,0,0,0,0,0,0,0,0,5,0,0,5,0,0,0
"2022_MSp_SE_MSp10",2022,"MSp",-37.125625,146.642424,1197,1641,"SE",891.0730551,0.707102885,-0.707110677,19.10202799,"MSp10",0,0,0,5,0,0,0,0,0,0,0,0,0,0,0,0,0,0,0,0,15,0,10,0,0,0,0,0,0,0,0,0,5,0,0,0,0,0,0,0,0,0,0,0,0,0,5,0,0,0,0,0,40,10,0,0,5,0,0,5,0,0,0,0,5,0,0,0,0,0,0,0,0,0,0,0,0,0,0,40,0,0,0,0,0,0,0,0,0,0,0,0,0,0,0,0,0,0,0,0,0,0,5,0,0,0,0,0,0
"2022_MSp_NW_MSp11",2022,"MSp",-37.125625,146.642424,1197,1641,"NW",909.5923598,-0.70709769,0.707115872,8.538814562,"MSp11",0,0,0,0,0,5,0,0,0,0,0,0,0,0,0,0,0,0,0,0,5,0,15,0,0,0,0,0,0,0,0,5,5,0,0,0,0,0,0,0,0,0,0,0,15,0,5,0,0,0,0,0,1,5,0,0,15,5,0,15,0,0,0,0,5,0,0,0,0,0,0,0,0,0,0,0,0,0,0,50,0,0,0,5,0,0,0,0,0,0,0,0,0,0,0,0,0,0,0,0,0,0,1,0,0,0,0,0,0
"2022_MSp_NW_MSp12",2022,"MSp",-37.125625,146.642424,1197,1641,"NW",909.5923598,-0.70709769,0.707115872,8.538814562,"MSp12",0,0,0,0,0,0,0,0,0,0,0,0,0,0,0,0,0,0,0,0,0,0,10,0,0,0,0,0,0,0,0,0,5,0,0,0,0,0,0,0,0,0,0,0,0,0,0,0,0,0,0,0,20,5,0,0,0,0,25,0,0,10,0,0,5,0,0,0,0,0,0,0,0,0,0,0,0,0,0,30,0,0,0,0,0,0,0,0,0,0,0,0,5,15,0,0,0,0,0,0,0,0,0,0,0,0,0,0,0
"2022_MSp_NW_MSp13",2022,"MSp",-37.125625,146.642424,1197,1641,"NW",909.5923598,-0.70709769,0.707115872,8.538814562,"MSp13",0,0,0,0,0,0,0,0,0,0,0,0,0,0,0,0,0,0,0,0,0,0,5,0,0,0,0,0,0,0,5,0,0,0,0,0,0,0,0,0,0,0,0,0,0,0,0,0,0,0,10,0,40,5,0,0,0,0,25,0,0,0,0,0,1,0,0,0,0,0,0,0,0,0,0,0,0,0,0,25,0,0,0,0,0,0,0,0,0,0,0,0,0,0,0,0,0,0,0,0,0,0,0,0,0,0,0,0,0
"2022_MSp_NW_MSp14",2022,"MSp",-37.125625,146.642424,1197,1641,"NW",909.5923598,-0.70709769,0.707115872,8.538814562,"MSp14",0,0,0,0,0,0,0,0,0,0,0,0,0,0,0,0,0,0,0,0,0,0,10,0,0,0,0,0,0,0,10,0,0,0,0,0,0,0,0,0,0,0,0,0,0,0,0,0,0,0,0,0,25,0,0,0,0,0,15,0,0,0,0,0,1,0,0,0,0,0,0,0,0,0,0,0,0,0,0,30,0,0,0,20,0,0,0,0,0,0,0,0,0,0,0,0,0,0,0,0,0,0,0,0,0,0,0,0,0
"2022_MSp_NW_MSp15",2022,"MSp",-37.125625,146.642424,1197,1641,"NW",909.5923598,-0.70709769,0.707115872,8.538814562,"MSp15",0,0,0,5,0,0,0,0,0,0,0,0,0,0,0,0,0,0,0,5,5,0,5,0,0,0,0,0,0,0,0,1,10,0,0,0,0,0,0,0,0,0,0,0,0,0,0,0,0,0,0,0,5,5,0,0,5,0,0,10,0,5,0,0,5,0,0,0,0,0,0,0,0,0,0,0,0,0,0,70,0,0,0,0,0,0,0,0,0,0,0,0,5,5,0,0,0,0,0,0,0,0,0,0,0,0,0,0,0
"2022_MSp_NE_MSp16",2022,"MSp",-37.125625,146.642424,1197,1641,"NE",966.7327092,0.70710808,0.707105483,14.33745179,"MSp16",0,0,0,0,0,0,0,0,0,0,0,0,0,0,0,0,0,0,0,0,0,0,0,0,0,0,0,0,0,0,0,0,0,0,0,0,0,0,0,0,0,0,0,0,0,0,0,0,0,0,0,0,0,15,0,0,0,0,15,0,0,0,0,0,0,0,0,0,0,0,0,0,0,0,0,0,0,0,0,10,0,0,0,80,0,0,0,0,0,0,0,0,0,0,0,0,0,0,0,0,0,0,0,0,0,0,0,0,0
"2022_MSp_NE_MSp17",2022,"MSp",-37.125625,146.642424,1197,1641,"NE",966.7327092,0.70710808,0.707105483,14.33745179,"MSp17",0,0,0,0,0,0,0,0,0,0,0,0,0,0,0,0,0,0,0,0,0,0,5,0,0,0,0,0,0,0,0,0,0,0,0,0,0,0,0,0,0,0,0,0,0,0,0,0,0,0,5,0,0,0,0,0,0,0,10,0,0,0,0,0,0,0,0,0,0,0,0,0,0,0,0,0,0,0,0,5,0,0,0,90,0,0,0,0,0,0,0,0,0,0,0,0,0,0,0,0,0,0,0,0,0,0,0,0,0
"2022_MSp_NE_MSp18",2022,"MSp",-37.125625,146.642424,1197,1641,"NE",966.7327092,0.70710808,0.707105483,14.33745179,"MSp18",0,0,0,15,0,0,0,0,0,0,0,0,0,0,0,0,0,0,0,0,0,0,0,0,0,0,0,0,0,0,0,0,0,0,0,0,0,0,0,0,30,0,0,0,0,0,0,0,0,0,0,0,0,15,0,0,0,0,10,0,0,0,0,0,0,0,0,0,0,0,0,0,0,0,0,0,5,0,0,20,0,0,0,70,0,0,0,0,0,0,0,0,0,0,0,0,0,0,0,0,0,0,0,5,0,0,0,0,0
"2022_MSp_NE_MSp19",2022,"MSp",-37.125625,146.642424,1197,1641,"NE",966.7327092,0.70710808,0.707105483,14.33745179,"MSp19",0,0,0,0,0,0,0,0,0,0,0,0,0,0,0,0,0,0,0,5,0,0,5,0,0,0,0,0,0,0,0,0,0,0,0,0,0,0,0,0,0,0,0,0,0,0,0,0,0,0,0,0,0,25,0,0,0,0,20,0,0,0,0,0,0,0,0,0,0,0,0,0,0,0,0,0,5,0,0,25,0,0,0,45,0,0,0,0,0,0,0,0,0,0,0,0,0,0,0,0,0,0,1,0,0,0,0,0,0
"2022_MSp_NE_MSp20",2022,"MSp",-37.125625,146.642424,1197,1641,"NE",966.7327092,0.70710808,0.707105483,14.33745179,"MSp20",0,0,0,0,0,0,0,0,0,0,0,0,0,0,0,0,0,0,0,5,0,0,5,0,0,0,10,0,0,0,0,0,0,0,0,0,0,0,0,0,0,0,0,0,0,0,0,0,0,0,0,0,0,20,0,0,0,0,25,0,0,0,0,0,0,0,0,0,0,0,0,0,0,0,0,0,0,0,0,15,0,0,0,40,0,0,0,0,0,0,0,0,0,0,0,0,0,0,0,0,0,0,0,0,0,0,0,0,0
"2022_MSt_NE_MSt1",2022,"MSt",-37.129005,146.499058,1260,1725,"NE",974.7029081,0.70710808,0.707105483,13.37405208,"MSt1",0,5,0,0,0,0,0,0,0,0,0,0,0,0,0,0,0,0,0,0,0,0,5,0,0,0,0,0,0,0,0,0,0,0,0,0,0,0,0,0,0,0,0,0,0,0,0,0,0,0,0,5,25,20,0,0,0,0,0,0,0,0,0,0,5,0,0,0,10,0,0,0,0,0,0,0,0,0,0,20,0,10,0,0,0,0,0,0,0,0,0,0,0,0,0,0,0,0,0,0,0,0,0.5,0,0,0,0,0.5,0
"2022_MSt_NE_MSt2",2022,"MSt",-37.129005,146.499058,1260,1725,"NE",974.7029081,0.70710808,0.707105483,13.37405208,"MSt2",0,5,0,0,0,0,0,0,0,0,0,0,0,0,0,0,0,0,0,0,0,0,1,0,0,0,0,0,0,0,0,0,0,0,0,0,0,0,0,0,0,0,0,0,0,0,0,0,0,0,0,5,30,5,0,0,0,0,0,0,0,0,0,5,5,0,0,0,0,0,0,0,0,0,0,0,0,0,0,40,0,5,0,0,0,0,0,0,0,0,0,0,0,0,0,0,0,0,0,0,0,0,0,0,0,0,0,0,0
"2022_MSt_NE_MSt3",2022,"MSt",-37.129005,146.499058,1260,1725,"NE",974.7029081,0.70710808,0.707105483,13.37405208,"MSt3",0,5,0,0,0,0,0,0,0,0,0,0,0,0,0,0,0,0,0,0,0,0,0,0,0,0,0,0,0,0,0,0,0,0,0,0,0,0,0,0,0,0,0,0,0,0,0,0,0,0,0,0,10,0,0,0,0,0,0,0,0,0,0,0,0,0,0,0,0.5,0,0,0,0,0,0,0,0,0,0,25,0,5,0,55,0,0,0,0,0,0,0,0,0,0,0,0,0,0,0,0,0,0,1,0,0,0,0,0,0
"2022_MSt_NE_MSt4",2022,"MSt",-37.129005,146.499058,1260,1725,"NE",974.7029081,0.70710808,0.707105483,13.37405208,"MSt4",0,5,0,0,0,0,0,0,0,0,0,0,0,0,0,0,0,0,0,0,0,0,20,0,0,0,0,0,0,0,0,0,0,0,0,0,0,0,0,0,0,0,0,0,0,0,0,0,0,0,0,0,5,5,0,0,0,0,0,0,5,0,0,0,0,0,0,0,0,0,0,0,0,0,0,0,0,0,0,70,0,0,0,0,0,0,0,0,0,0,0,0,0,0,0,0,0,0,0,0,0,0,0,0,0,0,1,0,0
"2022_MSt_NE_MSt5",2022,"MSt",-37.129005,146.499058,1260,1725,"NE",974.7029081,0.70710808,0.707105483,13.37405208,"MSt5",0,10,0,1,0,0,0,0,0,0,0,0,0,0,0,0,0,0,0,0,0,0,15,0,0,0,0,0,0,0,0,0,5,0,0,0,0,0,0,0,0,0,0,0,0,0,0,0,0,0,0,10,10,5,0,0,0,0,0,0,5,5,0,0,0,0,0,0,0,0,0,0,0,0,0,0,0,0,0,0,0,0,0,0,0,0,0,0,0,0,0,0.5,0,0,0,0,0,0,0,0.5,0,0,5,0,0,0,1,0,0
"2022_MSt_NW_MSt6",2022,"MSt",-37.129005,146.499058,1260,1725,"NW",914.2419137,-0.70709769,0.707115872,9.873418303,"MSt6",0,5,0,0,0,0,0,0,0,0,0,0,0,0,0,0,0,0,10,0,0,0,5,0,0,0,0,0,0,0,0,0,0,0,0,0,0,0,0,0,0,0,0,0,0,0,0,0,0,0,0,10,5,10,0,0,0,0,0,5,0,0,0,0,0,0,0,0,0,0,0,0,0,0,0,0,0,0,0,15,0,0,0,0,0,0,0,0,0,0,0,10,0,0,0,0,0,0,0,0,0,0,0,0,0,15,0,0,0
"2022_MSt_NW_MSt7",2022,"MSt",-37.129005,146.499058,1260,1725,"NW",914.2419137,-0.70709769,0.707115872,9.873418303,"MSt7",0,5,0,20,0,0,0,0,0,0,1,0,0,0,0,0,0,0,0,0,0,0,20,0,0,0,0,0,0,0,0,0,0,0,0,0,0,0,0,0,0,0,0,0,0,0,0,0,0,0,0,0,10,10,0,35,0,0,0,0,5,0,0,0,0,0,0,0,0,0,0,0,0,0,0,0,0,0,0,20,0,0,0,0,0,0,0,0,0,0,0,0,0,0,0,0,0,0,0,5,0,0,1,0,0,0,0,0,0
"2022_MSt_NW_MSt8",2022,"MSt",-37.129005,146.499058,1260,1725,"NW",914.2419137,-0.70709769,0.707115872,9.873418303,"MSt8",0,1,0,0,0,0,0,0,0,0,0,0,0,0,0,0,0,0,0,0,0,0,5,0,0,0,0,0,0,0,0,0,0,0,0,0,0,0,0,0,0,0,0,0,0,0,0,0,0,0,0,0,50,5,0,0,0,0,0,0,0,0,0,0,0,0,0,0,0,0,0,0,0,0,0,0,0,0,0,10,0,5,0,1,0,0,0,0,0,0,0,0,0,0,0,0,0,0,0,0,0,0,5,0,0,0,1,0,0
"2022_MSt_NW_MSt9",2022,"MSt",-37.129005,146.499058,1260,1725,"NW",914.2419137,-0.70709769,0.707115872,9.873418303,"MSt9",0,5,0,0,0,0,0,0,0,0,0.5,0,0,0,0,0,0,0,0,0,0,0,0,0,0,0,0,0,0,0,0,0,0,0,0,0,0,0,0,0,0,0,0,0,0,0,0,0,0,0,0,10,5,0,0,85,0,0,0,0,0,0,0,0,0,0,0,0,0,0,0,0,0,0,0,0,0,0,0,0,0,1,0,0,0,0,0,0,0,0,0,0,0,0,0,0,0,0,0,0,0,0,1,0,0,0,0,0,0
"2022_MSt_NW_MSt10",2022,"MSt",-37.129005,146.499058,1260,1725,"NW",914.2419137,-0.70709769,0.707115872,9.873418303,"MSt10",0,1,0,0,0,0,0,0,0,0,0.5,0,0,0,0,0,0,0,0,0,0,0,1,0,0,0,0,0,0,0,0,0,10,0,0,0,0,0,0,0,0,0,0,0,0,0,0,0,0,0,0,0,10,1,0,0,0,0,0,0,0,5,0,0,0.5,0,0,0,0,0,0,0,0,0,0,0,0,0,0,45,0,0,0,0,0,0,0,0,0,0,0,0,0,0,0,0,0,0,0,0,0,0,10,0,0,0,1,0,0
"2022_MSt_SE_MSt11",2022,"MSt",-37.129005,146.499058,1260,1725,"SE",909.5253992,0.707102885,-0.707110677,16.65114238,"MSt11",0,5,0,0,0,0,0,0,0,0,0,0,0,0,0,0,0,0,0,0,0,0,5,0,0,0,0,0,0,0,0,0,0,0,0,0,0,0,0,0,0,0,0,0,0,0,0,0,0,0,0,0,40,0,0,0,0,0,0,0,0,0,0,0,0,0,0,0,0,0,0,0,0,0,0,0,0,0,0,35,0,0,0,0,0,0,0,0,0,0,0,0,0,0,0,0,0,0,0,0,0,0,5,0,0,0,0,0,0
"2022_MSt_SE_MSt12",2022,"MSt",-37.129005,146.499058,1260,1725,"SE",909.5253992,0.707102885,-0.707110677,16.65114238,"MSt12",0,10,0,0,0,0,0,0,0,0,0,0,0,0,0,0,0,0,0,0,0,0,5,0,0,0,0,0,0,0,0,0,5,0,0,0,0,0,0,0,0,0,0,0,0,0,0,0,0,0,0,0,60,5,0,0,0,0,0,0,0,0,0,0,1,0,0,0,0,0,0,0,0,0,0,0,0,0,0,25,0,0.5,0,0,0,0,0,0,0,0,0,0,0,0,0,0,0,0,0,0,0,0,10,0,0,0,1,0,0
"2022_MSt_SE_MSt13",2022,"MSt",-37.129005,146.499058,1260,1725,"SE",909.5253992,0.707102885,-0.707110677,16.65114238,"MSt13",0,5,0,0,0,0,0,0,0,0,0,0,0,0,0,0,0,0,15,0,0,0,0,0,0,0,0,0,0,0,0,0,0,0,0,0,0,0,0,0,0,0,0,0,0,0,0,0,0,0,0,1,15,5,0,0,0,0,0,0,0,0,0,0,0,0,0,0,0,0,0,0,0,0,0,0,0,0,0,25,0,0,0,0,0,0,0,0,0,0,0,0,0,0,0,0,0,0,0,0,0,0,0,0,0,0,0,0,0
"2022_MSt_SE_MSt14",2022,"MSt",-37.129005,146.499058,1260,1725,"SE",909.5253992,0.707102885,-0.707110677,16.65114238,"MSt14",0,5,0,0,0,0,0,0,0,0,0,0,0,0,0,0,0,0,5,0,0,0,10,0,0,0,0,0,0,0,0,0,0,0,0,0,0,0,0,0,0,0,0,0,0,0,0,0,0,0,0,0.5,1,0,0,0,0,0,0,0,0,0,0.5,0,0,0,0,0,0,0.5,0,0,0,0,0,0,0,0,0,45,0,0,0,0,0,0,0,0,0,0,0,0,0,0,0,0,0,0,0,0,0,0,0,0,0,1,1,0,0
"2022_MSt_SE_MSt15",2022,"MSt",-37.129005,146.499058,1260,1725,"SE",909.5253992,0.707102885,-0.707110677,16.65114238,"MSt15",0,5,0,0,0,0,0,0,0,0,0,0,0,0,0,0,0,0,0,0,0,0,1,0,0,0,0,0,0,0,0,0,0,0,0,0,0,0,0,0,0,0,0,0,0,0,0,0,0,0,0,5,35,0,0,10,0,0,0,0,0,5,0.5,10,0,0,0,0,0,0,0,0,0,0,0,0,0,0,0,15,0,0,0,0,0,0,0,0,0,0,0,0,0,0,0,0,0,0,0,0,0,0,0,0,0,0,5,0,0
"2022_MSt_SW_MSt16",2022,"MSt",-37.129005,146.499058,1260,1725,"SW",848.4648337,-0.707113275,-0.707100288,13.1505086,"MSt16",0,1,0,0,0,0,0,0,0,0,0,0,0,0,0,0,0,0,0,0,0,0,5,0,0,0,0,0,0,0,0,0,1,0,0,0,0,0,0,0,0,0,0,0,0,0,0,0,0,0,0,15,20,5,0,60,0,0,0,0,0,1,1,0,5,0,0,0,0,0,0,0,0,0,0,0,0,0,0,10,0,0,0,0,0,0,0,0,0,0,0,5,0,0,0,0,0,0,0,1,0,0,0,0,0,1,0,0,0
"2022_MSt_SW_MSt17",2022,"MSt",-37.129005,146.499058,1260,1725,"SW",848.4648337,-0.707113275,-0.707100288,13.1505086,"MSt17",0,10,0,0,0,0,0,0,0,0,0,0,0,0,0,0,0,0,0,0,0,0,1,0,0,0,0,0,0,0,0,0,5,0,0,0,0,0,0,0,0,0,0,0,0,0,0,0,0,0,0,0,0,5,0,0,0,0,0,0,0,0,0,0,0,0,0,0,15,5,0,0,0,0,0,0,0,0,5,10,0,0,0,0,0,0,0,5,0,0,0,0,0,0,0,0,0,0,0,0,0,0,5,0,0,0,0,0,0
"2022_MSt_SW_MSt18",2022,"MSt",-37.129005,146.499058,1260,1725,"SW",848.4648337,-0.707113275,-0.707100288,13.1505086,"MSt18",0,5,0,0,0,0,0,0,0,0,0,0,0,0,0,0,0,0,0,0,0,0,5,0,0,0,0,0,0,0,0,0,5,0,0,0,0,0,0,0,0,0,0,0,0,0,0,0,0,0,0,30,20,5,0,30,0,0,0,0,5,0,0,1,5,0,0,0,0,0,0,0,0,0,0,0,0,0,0,20,0,0,0,0,0,0,0,0,0,0,0,0,0,0,0,0,0,0,0,5,0,0,0,0,0,0,0,0,0
"2022_MSt_SW_MSt19",2022,"MSt",-37.129005,146.499058,1260,1725,"SW",848.4648337,-0.707113275,-0.707100288,13.1505086,"MSt19",0,5,0,0,0,0,0,0,0,0,0,0,0,0,0,0,0,0,0,0,0,0,5,0,0,0,0,0,0,0,0,0,0,0,0,0,0,0,0,0,0,0,0,0,0,0,0,0,0,0,0,0,5,1,0,65,0,0,0,0,0,0,0,5,0,0,0,0,0,1,0,0,0,0,0,0,0,0,0,15,0,0,0,0,0,0,0,0,0,0,0,0,0,0,0,0,0,0,0,0,0,0,5,0,0,0,0,0,0
"2022_MSt_SW_MSt20",2022,"MSt",-37.129005,146.499058,1260,1725,"SW",848.4648337,-0.707113275,-0.707100288,13.1505086,"MSt20",0,5,0,0,0,0,0,0,0,0,0,0,0,0,0,0,0,0,0,0,0,0,5,0,0,0,0,0,0,0,0,0,0,0,0,0,0,0,0,0,0,0,0,0,0,0,0,0,0,0,0,5,35,5,0,0,0,0,0,0,0,10,0,0,0,0,0,0,0,0,0,0,0,0,0,0,0,0,0,0,0,0,0,0,0,0,0,0,0,0,0,0,0,0,0,0,0,0,0,0,0,0,0,0,0,0,0,0,0
"2022_F_W_F1",2022,"F",-36.891139,147.140444,561,1793.384521,"W",854.4038965,-1,1.1e-05,15.2128919,"F1",0,0.5,5,20,0,0,0,0,0,0,1,0,0,0,0,0,0,0,0,0,0,0,1,0,0,0,0,0,0,0,0,5,0,0,0,0,0,0,1,0,0,0,0,0,0,0,0,0,0,0,0,0,0,5,15,0,0,0,0,0,0,0,0,0,0,0,0,0,0,0,0,0,0,5,0,0,10,0,0,0,20,0,0,0,0,0,0,0,0,0,0,0,0,0,0,0,0,5,0,0,0,0,0,0,0,0,0,0,10
"2022_F_W_F2",2022,"F",-36.891139,147.140444,561,1793.384521,"W",854.4038965,-1,1.1e-05,15.2128919,"F2",0,1,0,15,0,5,0,0,0,0,1,0,0,0,0,0,0,0,0,0,0,0,10,0,15,0,0,0,0,0,0,5,0,0,0,0,0,0,5,0,0,5,0,0,0,0,0,0,0,0,0,35,0,10,0,0,0,0,0,0,0,0,0,0,0,0,0,0,0,0,0,0,0,0,0,0,0,0,0,0,5,15,0,0,0,0,0,0,0,0,0,0,0,0,0,0,0,0,0,0,0,0,0,0,0,0,0,0,0
"2022_F_W_F3",2022,"F",-36.891139,147.140444,561,1793.384521,"W",854.4038965,-1,1.1e-05,15.2128919,"F3",0,1,0,20,0,5,0,0,0,0,1,0,10,0,0,0,0,0,0,0,0,0,10,0,10,0,0,0,0,0,0,15,0,0,0,0,0,0,5,0,0,5,0,0,0,0,0,0,0,0,0,15,0,15,0,0,0,0,0,0,1,0,0,0,0,0,0,0,0,0,0,0,0,0,0,0,0,0,0,0,20,10,0,0,0,0,0,0,0,0,0,0,0,0,0,0,0,0.5,0,0,5,0,0,0,0,0,0,0,0
"2022_F_W_F4",2022,"F",-36.891139,147.140444,561,1793.384521,"W",854.4038965,-1,1.1e-05,15.2128919,"F4",0,1,0,15,0,0,0,0,0,0,0.5,0,0,0,0,0,0,5,0,1,0,0,5,0,0,0,0,0,0,0,0,5,0,0,0,0,0,0,0,0,0,5,0,0,0,0,0,0,0,0,0,60,0,5,25,0,0,0,0,0,5,0,0,0,0,0,0,0,0,0,0,0,0,0,0,0,0,0,0,0,30,5,0,0,0,0,0,0,0,0,0,0,0,0,0,0,0,0,0,0,5,0,0,0,0,0,0,0,0
"2022_F_W_F5",2022,"F",-36.891139,147.140444,561,1793.384521,"W",854.4038965,-1,1.1e-05,15.2128919,"F5",0,1,0,20,0,5,0,0,0,0,1,0,0,0,0,0,0,5,5,0,0,0,5,0,15,0,0,0,0,0,0,5,0,0,0,0,0,0,15,0,0,0,0,0,0,0,0,0,0,0,0,0,0,5,0,0,0,5,0,0,5,0,0,0,0,0,0,0,0,0,0,0,0,5,0,0,0,0,0,0,20,0,0,0,0,0,0,0,0,0,0,0,0,0,0,0,0,0,0,0,0,0,0,0,0,0,0,0,10
"2022_F_N_F6",2022,"F",-36.891139,147.140444,561,1793.384521,"N",953.1346888,0,1,15.69513405,"F6",0,1,0,30,0,5,0,0,0,0,5,0,0,0,0,0,0,0,1,0,0,0,5,0,0,0,0,0,0,0,0,5,0,0,0,0,0,0,5,0,0,0,0,0,0,0,0,0,0,0,0,30,0,10,0,0,0,0,0,0,0,0,0,0,0,0,0,0,0,1,0,0,0,0,0,0,0,0,0,0,15,10,0,0,0,0,0,0,0,0,0,0,0,0,0,0,0,20,0,0,0,0,0,0,0,0,0,0,0
"2022_F_N_F7",2022,"F",-36.891139,147.140444,561,1793.384521,"N",953.1346888,0,1,15.69513405,"F7",0,5,0,0,0,5,0,0,0,0,0,0,0,0,0,0,0,0,5,0,0,0,1,15,0,0,0,0,0,0,0,0,0,0,0,0,0,0,0,0,0,0,0,0,0,0,0,0,0,0,0,0,0,25,0,0,0,0,0,0,0,0,0,0,5,0,0,0,0,5,0,0,0,0,0,0,0,0,0,0,20,30,0,0,0,0,0,0,0,0,0,0,0,0,0,0,0,0,0,0,0,0,0,0,0,0,0,0,0
"2022_F_N_F8",2022,"F",-36.891139,147.140444,561,1793.384521,"N",953.1346888,0,1,15.69513405,"F8",0,1,0,0,0,0,0,0,0,0,0,0,0,0,0,0,0,0,0,0,0,0,5,15,0,0,0,0,0,0,0,0,0,0,0,0,0,0,0,0,0,0,0,0,0,0,0,0,0,0,0,0,0,10,0,0,0,0,0,0,0,0,0,0,0,0,0,0,0,1,0,0,0,5,0,0,0,0,0,0,80,5,0,0,0,0,0,0,0,0,0,5,0,0,0,0,0,0,5,0,0,0,0,0,0,0,0,0,0
"2022_F_N_F9",2022,"F",-36.891139,147.140444,561,1793.384521,"N",953.1346888,0,1,15.69513405,"F9",0,5,0,0,0,5,0,0,0,0,5,0,0,0,0,0,0,0,5,0,0,0,5,0,0,0,0,0,0,0,0,0,0,0,0,0,0,0,10,0,0,0,0,0,0,0,0,0,0,0,0,0,0,20,0,0,0,0,0,0,0,0,0,0,5,0,0,0,0,0,0,0,0,0,0,0,0,0,0,0,0,30,0,0,0,0,0,0,0,0,0,0,0,0,0,0,0,5,0,0,0,0,0,0,0,0,0,0,0
"2022_F_N_F10",2022,"F",-36.891139,147.140444,561,1793.384521,"N",953.1346888,0,1,15.69513405,"F10",0,1,0,20,0,0,0,0,0,0,0,0,0,0,0,0,0,0,0,0,0,0,5,0,0,0,0,0,0,0,0,5,0,0,0,0,0,0,10,0,0,0,0,0,0,0,0,0,0,0,0,40,0,5,25,0,0,0,0,0,0,0,0,0,0,0,0,0,0,0,0,0,0,5,0,0,5,0,0,0,15,0,0,0,0,0,0,0,0,0,0,0,0,0,0,0,0,0,0,0,0,0,0,0,0,0,0,0,0
"2022_F_E_F11",2022,"F",-36.891139,147.140444,561,1793.384521,"E",964.2388873,1,-3.67e-06,18.50392435,"F11",0,5,0,0,0,5,0,0,0,0,0,0,0,0,0,0,0,0,5,0,0,0,0,20,0,0,0,0,0,0,0,5,0,0,0,0,0,0,0,0,0,0,0,0,0,0,0,0,0,0,0,0,0,20,0,0,0,0,0,0,0,0,0,0,0,0,0,0,0,0,0,0,0,0,0,0,0,0,0,0,50,5,0,0,0,0,0,0,0,0,0,15,0,0,0,0,0,0,0,0,0,0,0,0,0,0,0,0,0
"2022_F_E_F12",2022,"F",-36.891139,147.140444,561,1793.384521,"E",964.2388873,1,-3.67e-06,18.50392435,"F12",0,5,0,0,0,0,0,0,0,0,0,0,0,0,0,0,0,0,5,5,0,0,0,5,0,0,0,0,0,0,0,10,0,0,0,0,0,0,0,0,0,0,0,0,0,0,0,0,0,0,0,0,0,20,0,0,0,0,0,0,0,0,0,0,0,0,0,0,0,0,0,0,0,0,0,0,0,0,0,0,50,0,0,0,0,0,0,0,0,0,0,15,0,0,0,0,0,0,0,0,0,0,0,0,0,0,0,0,0
"2022_F_E_F13",2022,"F",-36.891139,147.140444,561,1793.384521,"E",964.2388873,1,-3.67e-06,18.50392435,"F13",0,5,0,0,0,1,0,0,0,0,0,0,0,0,0,0,0,0,0,0,0,0,5,5,0,0,0,0,0,0,0,0,0,0,0,0,0,0,0,0,0,0,0,0,0,0,0,0,0,0,0,0,0,25,0,0,0,0,0,5,0,15,0,0,0,0,0,0,0,0,0,0,0,0,0,0,0,0,0,0,15,20,0,0,0,0,0,0,0,5,0,0,0,0,0,0,0,0,0,0,0,0,0,0,0,5,0,0,0
"2022_F_E_F14",2022,"F",-36.891139,147.140444,561,1793.384521,"E",964.2388873,1,-3.67e-06,18.50392435,"F14",0,5,0,0,0,5,0,0,0,0,0,0,0,0,0,0,0,0,1,5,0,0,0,5,20,0,0,0,0,0,0,10,0,0,0,0,0,0,0,0,0,0,0,0,0,0,0,0,0,0,0,0,0,10,0,0,0,0,0,15,0,15,0,0,0,0,0,0,0,0,0,0,0,0,0,0,0,0,0,0,5,10,0,0,0,0,0,0,0,15,0,0,0,0,0,0,0,0,0,0,0,0,0,0,0,0,0,0,0
"2022_F_E_F15",2022,"F",-36.891139,147.140444,561,1793.384521,"E",964.2388873,1,-3.67e-06,18.50392435,"F15",0,5,0,0,0,5,0,0,0,0,0,0,0,0,0,0,0,0,0,0,0,0,5,5,5,0,0,0,0,0,0,5,0,0,0,0,0,0,5,0,0,0,0,0,0,0,0,0,0,0,0,0,0,15,0,0,0,0,0,5,0,10,0,0,0,0,0,0,0,0,0,0,0,0,0,0,0,0,0,0,50,0,0,0,0,0,0,0,0,5,0,0,0,0,0,0,0,0,0,0,0,0,0,0,0,5,0,0,0
"2022_F_S_F16",2022,"F",-36.891139,147.140444,561,1793.384521,"S",847.7022741,-7.35e-06,-1,18.0216822,"F16",0,1,0,5,0,0,0,0,0,0,5,0,25,0,0,0,0,0,0,0,0,0,5,0,15,0,0,0,0,0,0,0,5,0,0,0,0,0,10,0,0,0,0,0,0,0,0,0,0,0,0,30,0,5,25,0,0,0,0,0,5,0,0,0,0,0,0,0,0,1,0,0,0,5,0,0,0,0,0,0,15,5,0,0,0,0,0,0,0,0,0,0,0,0,0,0,0,0,0,0,0,0,0,0,0,0,0,0,0
"2022_F_S_F17",2022,"F",-36.891139,147.140444,561,1793.384521,"S",847.7022741,-7.35e-06,-1,18.0216822,"F17",0,5,0,30,0,5,0,0,0,0,5,0,0,0,0,0,0,0,5,0,0,0,1,0,5,0,0,0,0,0,0,0,10,0,0,0,0,0,5,0,0,0,1,0,0,0,0,0,0,0,0,5,0,10,25,0,0,0,0,0,1,0,0,0,0,0,0,0,0,0,0,0,0,0,0,0,0,0,0,0,0,15,0,0,0,0,0,0,0,0,0,0,0,0,0,0,0,0,0,0,5,0,0,0,0,0,0,0,0
"2022_F_S_F18",2022,"F",-36.891139,147.140444,561,1793.384521,"S",847.7022741,-7.35e-06,-1,18.0216822,"F18",0,5,0,0,0,5,0,0,0,0,5,0,0,0,0,0,0,0,10,0,0,0,0,0,0,0,0,0,0,0,0,0,5,0,0,0,0,0,0,0,0,0,0,0,0,0,0,0,0,0,0,1,0,15,0,0,0,0,0,5,0,0,0,0,0,0,0,0,0,5,0,0,0,0,0,0,0,0,0,0,0,15,0,0,0,0,0,0,0,0,0,0,0,0,0,0,0,0,0,0,0,0,0,0,0,5,0,0,0
"2022_F_S_F19",2022,"F",-36.891139,147.140444,561,1793.384521,"S",847.7022741,-7.35e-06,-1,18.0216822,"F19",0,5,0,0,0,5,0,0,0,0,0,0,0,0,0,0,0,0,5,5,0,0,0,5,0,0,0,0,0,0,0,0,0,0,0,0,0,0,0,0,0,0,0,0,0,0,0,0,0,0,0,25,0,25,0,0,0,0,0,0,0,10,0,0,0,0,0,0,0,5,0,0,0,0,0,0,0,0,0,0,30,5,0,0,0,0,0,0,0,0,0,0,0,0,0,0,0,10,0,0,0,0,0,0,0,5,0,0,0
"2022_F_S_F20",2022,"F",-36.891139,147.140444,561,1793.384521,"S",847.7022741,-7.35e-06,-1,18.0216822,"F20",0,5,0,0,0,0,0,0,0,0,5,0,0,0,0,0,0,5,0,0,0,0,0,10,20,0,0,0,0,0,0,0,5,0,0,0,0,0,0,0,0,0,0,0,0,0,0,0,0,0,0,0,0,20,0,0,0,0,0,15,0,0,0,0,0,0,0,0,0,1,0,0,0,0,0,0,0,0,0,0,50,0,0,0,0,0,0,0,0,0,0,5,0,0,0,0,0,0,0,0,0,0,0,0,0,5,0,0,0
"2022_LSK_NW_LSK1",2022,"LSK",-36.82634,147.2815,1444,1797,"NW",906.900834,-0.70709769,0.707115872,12.15794473,"LSK1",0,1,0,25,0,0,0,0,0,0,0,0,0,0,0,0,0,0,5,0,0,0,0,0,0,0,0,0,0,0,15,0,5,0,0,0,0,0,0,0,0,0,0,0,0,0,0,0,0,0,0,0,40,0,0,0,0,0,0,0,0,0,0,0,0,0,0,1,0,0,0,0,0,0,0,0,0,0,0,0,0,35,0,0,0,0,0,0,0,0,0,0,0,0,0,0,0,0,0,0,0,0,0,0,0,0,0,0,0
"2022_LSK_NW_LSK2",2022,"LSK",-36.82634,147.2815,1444,1797,"NW",906.900834,-0.70709769,0.707115872,12.15794473,"LSK2",0,5,0,5,0,0,0,0,0,0,0,0,0,0,0,0,0,0,5,0,0,0,0,0,0,0,0,0,0,0,0,0,0,0,0,0,0,0,0,0,0,0,0,0,0,0,0,0,0,0,0,0,20,0,0,0,0,0,0,0,0,0,0,0,0,0,0,0,0,0,0,0,0,0,0,5,0,0,0,0,0,10,0,5,0,0,0,0,0,0,0,0,0,0,0,0,0,0,0,0,0,0,0,0,0,0,0,0,0
"2022_LSK_NW_LSK3",2022,"LSK",-36.82634,147.2815,1444,1797,"NW",906.900834,-0.70709769,0.707115872,12.15794473,"LSK3",0,0,0,0,0,0,0,0,0,0,0,0,0,0,0,0,0,0,0,0,0,0,0,0,0,0,0,0,0,0,0,0,0,0,0,0,0,0,0,0,0,0,0,0,0,0,0,0,0,0,0,0,5,0,0,0,0,0,0,0,0,0,0,0,0,0,0,0,0,0,0,0,0,0,0,0,0,0,0,0,0,5,0,10,0,0,0,0,0,0,0,0,0,0,0,0,0,0,0,0,0,0,0,0,0,0,0,0,0
"2022_LSK_NW_LSK4",2022,"LSK",-36.82634,147.2815,1444,1797,"NW",906.900834,-0.70709769,0.707115872,12.15794473,"LSK4",0,0,0,0,0,0,0,0,0,0,0,0,0,0,0,0,0,0,0,0,0,0,0,0,0,0,0,0,0,0,0,0,0,0,0,0,0,0,0,0,0,0,0,0,0,0,0,0,0,0,0,0,0,0,0,0,0,0,0,0,0,0,0,0,0,0,0,0,0,0,0,0,0,0,0,5,0,0,0,0,0,5,0,80,0,0,0,0,0,0,0,0,0,0,0,0,0,0,0,0,0,0,0,0,0,0,0,0,0
"2022_LSK_NW_LSK5",2022,"LSK",-36.82634,147.2815,1444,1797,"NW",906.900834,-0.70709769,0.707115872,12.15794473,"LSK5",0,0,0,5,0,0,0,0,0,0,0,0,0,0,0,0,30,0,0,0,0,0,0,0,0,0,0,0,0,0,0,0,0,0,0,0,0,0,0,0,0,0,0,0,0,0,0,0,0,0,0,0,5,0,0,0,0,0,0,0,0,0,0,0,0,0,0,0,0,0,0,0,0,0,0,20,0,0,0,0,0,0.5,0,40,0,0,0,0,0,0,0,0,0,0,0,0,0,0,0,0,0,0,0,0,0,0,0,0,0
"2022_LSK_SW_LSK6",2022,"LSK",-36.82634,147.2815,1444,1797,"SW",879.422739,-0.707113275,-0.707100288,9.254285043,"LSK6",0,1,0,0,0,0,0,0,0,0,5,0,0,0,0,0,0,0,1,0,0,0,0,0,0,0,0,0,0,0,1,0,5,0,0,0,0,0,0,0,0,0,0,0,0,0,0,0,0,0,0,0,40,1,0,0,0,0,0,0,0,0,0,0,0,0,0,5,0,0.5,0,0,0,0,0,0,0,0,0,0,20,15,0,0,0,0,0,0,0,0,0,0,0,0,0,0,0,0,0,0,0,0,0,0,0,1,5,0,0
"2022_LSK_SW_LSK7",2022,"LSK",-36.82634,147.2815,1444,1797,"SW",879.422739,-0.707113275,-0.707100288,9.254285043,"LSK7",0,1,0,20,0,0,0,0,0,0.5,1,0,0,0,0,0,0,0,5,0,0,0,1,0,0,0,0,0,0,0,0,0,5,10,0,0,0,0,0,0,0,0,0,0,0,0,0,0,0,0,0,0,60,0,0,0,0,0,0,0,0,0,0,0,0,0,0,10,0,0,0,0,0,0,0,0,0,0,0,0,15,15,0,0,0,0,0,0,0,0,0,0,0,0,0,0,0,0,0,0,0,0,0,0,0,0.5,0,0,0
"2022_LSK_SW_LSK8",2022,"LSK",-36.82634,147.2815,1444,1797,"SW",879.422739,-0.707113275,-0.707100288,9.254285043,"LSK8",0,1,0,0,0,0,0,0,0,0,1,0,0,0,0,0,0,0,5,0,0,0,1,0,0,0,0,0,0,0,0,0,10,0,0,0,0,0,0,0,0,0,0,0,0,0,0,0,0,0,0,0,25,0,0,0,0,0,0,0,0,0,0,0,0,0,0,0,0,0,0,0,0,0,0,0,0,0,0,0,45,0,0,0,0,0,0,0,0,0,0,0,0,0,0,0,0,0,0,0,0,0,0,0,0,1,5,0,0
"2022_LSK_SW_LSK9",2022,"LSK",-36.82634,147.2815,1444,1797,"SW",879.422739,-0.707113275,-0.707100288,9.254285043,"LSK9",0,1,0,0,0,0,0,0,0,0,5,0,0,0,0,0,35,0,0,0,0,0,1,0,30,0,0,0,0,0,10,0,5,1,5,0,0,0,0,0,0,0,0,0,0,0,0,0,0,0,0,0,0,0,0,0,0,0,0,0,0,0,0,1,0,0,0,0,0,0,20,0,0,0,0,0,0,10,0,0,0,15,0,0,0,0,0,0,0,0,0,0,0,0,0,0,5,0,0,0,0,0,0,0,0,0,5,0,0
"2022_LSK_SW_LSK10",2022,"LSK",-36.82634,147.2815,1444,1797,"SW",879.422739,-0.707113275,-0.707100288,9.254285043,"LSK10",10,1,0,0,0,0,0,0,0,0,1,0,0,0,0,0,60,0,0,0,0,0,1,0,20,0,0,0,0,0,20,0,0,1,0,0,0,0,0,0,0,0,0,0,0,0,0,0,0,0,0,0,0,0,0,0,0,0,0,0,0,0,0,1,0,0,0,0,0,0,10,0,0,0,0,0,0,10,0,0,0,5,0,0,0,0,0,0,0,0,0,0,0,0,0,0,0,0,0,0,0,0,0,0,0,0,1,0,0
"2022_LSK_SE_LSK11",2022,"LSK",-36.82634,147.2815,1444,1797,"SE",925.5510609,0.707102885,-0.707110677,9.97689961,"LSK11",0,1,0,0,0,0,0,0,0,0,0,0,0,0,0,0,0,0,10,0,0,0,1,0,0,0,0,0,0,0,10,0,5,0,0,0,0,0,0,0,0,0,0,0,0,0,0,0,0,0,0,0,0,0,0,0,0,0,0,0,0,0,0,0,0,0,0,5,0,0,0,0,0,0,0,0,0,0,0,0,10,15,0,0,0,0,0,0,0,0,0,20,0,0,0,0,0,0,0,0,0,0,0,0,0,0,0,0,0
"2022_LSK_SE_LSK12",2022,"LSK",-36.82634,147.2815,1444,1797,"SE",925.5510609,0.707102885,-0.707110677,9.97689961,"LSK12",0,1,0,0,0,0,0,0,0,0,1,0,0,0,0,0,55,0,0,0,0,0,1,0,0,0,0,0,0,0,0,0,0,0,0,0,0,0,0,0,0,0,0,0,0,0,0,0,0,0,0,0,0,0,0,0,0,0,0,0,0,0,0,0,0,0,1,0,0,0,50,0,0,0,0,10,0,5,0,0,0,1,0,0,0,0,0,0,0,0,0,0,0,0,0,0,0,0,0,0,0,0,0,0,0,0,1,0,0
"2022_LSK_SE_LSK13",2022,"LSK",-36.82634,147.2815,1444,1797,"SE",925.5510609,0.707102885,-0.707110677,9.97689961,"LSK13",0,5,0,0,0,0,0,0,0,0,1,0,0,0,0,0,10,0,0,0,0,0,1,0,0,0,0,0,0,0,10,0,15,0,0,0,0,0,0,0,0,0,0,0,0,0,0,0,0,0,0,0,0,0,0,0,0,0,0,0,0,0,0,1,0,0,0,0,0,0,65,0,0,0,0,0,0,5,0,0,0,5,0,0,0,0,0,0,0,0,0,0,0,0,0,0,0,0,0,0,0,0,0,0,0,0,1,0,0
"2022_LSK_SE_LSK14",2022,"LSK",-36.82634,147.2815,1444,1797,"SE",925.5510609,0.707102885,-0.707110677,9.97689961,"LSK14",5,1,0,0,0,0,0,0,0,0,1,0,0,0,0,0,25,0,0,0,0,0,0.5,0,15,0,0,0,0,0,0,0,0,0,0,0,0,0,0,0,0,0,0,0,0,0,0,0,0,0,0,0,35,0,0,0,0,0,0,0,0,0,0,0,0,0,0,0,0,0,0,0,0,0,0,35,0,0,0,0,35,0,0,0,0,0,0,0,0,0,0,0,0,0,0,0,0,0,0,0,0,0,0,0,0,0,1,0,0
"2022_LSK_SE_LSK15",2022,"LSK",-36.82634,147.2815,1444,1797,"SE",925.5510609,0.707102885,-0.707110677,9.97689961,"LSK15",0,0,0,0,0,0,0,0,0,0,1,0,0,0,0,0,70,0,0,0,0,0,1,0,0,0,0,0,0,0,0,0,0,0,0,0,0,0,0,0,0,0,0,0,0,0,0,0.5,0,0,0,0,20,0,0,0,0,0,0,0,0,0,0,0,0,0,0,0,0,0,0,0,0,0,0,10,0,0,0,0,15,1,0,0,0,0,0,0,0,0,0,0,0,0,0,0,0,0,0,0,0,0,0,0,0,0,0.5,0,0
"2022_LSK_NE_KSK16",2022,"LSK",-36.82634,147.2815,1444,1797,"NE",970.0232068,0.70710808,0.707105483,12.88055929,"KSK16",0,5,0,0,0,0,0,0,0,0,0,0,0,0,0,0,0,0,5,0,0,0,0,0,0,0,0,0,0,0,0,0,0,0,0,0,0,0,0,0,0,0,0,0,0,0,0,0,0,0,0,0,25,0,0,0,0,0,0,0,0,0,0,0,0,0,0,0,0,0,0,0,0,0,0,45,0,0,0,0,0,40,0,0,0,0,0,0,0,0,0,0,0,0,0,0,0,0,0,0,0,0,0,0,0,0,0,0,0
"2022_LSK_NE_LSK17",2022,"LSK",-36.82634,147.2815,1444,1797,"NE",970.0232068,0.70710808,0.707105483,12.88055929,"LSK17",0,0,0,40,0,0,0,0,0,0,0,0,0,0,0,0,0,0,0,0,0,0,0,0,0,0,0,0,0,0,0,0,0,0,0,0,0,0,0,0,0,0,0,0,0,0,0,0,0,0,0,0,5,0,0,0,0,0,0,0,0,0,0,0,0,0,0,0,0,0,0,0,0,0,0,10,0,0,0,0,0,5,0,0,0,0,0,0,0,0,0,0,0,0,0,0,0,0,0,0,0,0,0,0,0,0,0,0,0
"2022_LSK_NE_LSK18",2022,"LSK",-36.82634,147.2815,1444,1797,"NE",970.0232068,0.70710808,0.707105483,12.88055929,"LSK18",0,0,0,0,0,0,0,0,0,0,0,0,0,0,0,0,0,0,0,0,0,0,0,0,0,0,0,0,0,0,0,0,0,0,0,0,0,0,0,0,0,0,0,0,0,0,0,0,0,0,0,10,0,0,0,0,0,0,0,0,0,0,0,0,0,0,0,0,0,0,0,0,0,0,0,10,0,0,0,0,0,10,0,0,0,0,0,0,0,0,0,0,0,0,0,0,0,0,0,0,0,0,0,0,0,0,0,0,0
"2022_LSK_NE_LSK19",2022,"LSK",-36.82634,147.2815,1444,1797,"NE",970.0232068,0.70710808,0.707105483,12.88055929,"LSK19",0,0.5,0,10,0,0,0,0,0,0,0,0,0,0,0,0,0,0,0.5,0,0,0,1,0,0,0,0,0,0,0,1,0,0,0,0,0,0,0,0,0,0,0,0,0,0,0,0,0,0,0,0,0,55,0,0,0,0,0,0,0,0,0,0,0,0,0,0,0,0,0,0,0,0,0,0,10,0,0,0,0,15,10,0,0,0,0,0,0,0,0,0,0,0,0,0,0,0,0,0,0,0,0,0,0,0,0,0,0,0
"2022_LSK_NE_LSK20",2022,"LSK",-36.82634,147.2815,1444,1797,"NE",970.0232068,0.70710808,0.707105483,12.88055929,"LSK20",0,0,0,0,0,0,0,0,0,0,1,0,0,0,0,0,0,0,0,0,0,0,0,0,0,0,0,0,0,0,0,0,1,0,0,0,0,0,0,0,0,0,0,0,0,0,0,0,0,0,0,0,45,0,0,0,0,0,0,0,0,0,0,0,0,0,0,0,0,0,0,0,0,0,0,20,0,0,0,0,40,0,0,0,0,0,0,0,0,0,0,0,0,0,0,0,0,0,0,0,0,0,0,0,0,0,0,0,0
"2022_MF_NW_MF1",2022,"MF",-36.82947,147.3193,5000,1811,"NW",919.6993728,-0.70709769,0.707115872,5.710593137,"MF1",0,0,0,15,0,0,0,0,0,0,0.5,0,0.5,0,0,0,0,0,0,5,0,0,0,0,0,0,0,0,0,0,0,0,5,0,0,0,0,0,1,0,0,0,0,0,0,0,1,0,0,0,0,25,0,1,30,0,0,0,0,0,0.5,0,0,0.5,0,0,0,0,0,0.5,0,0,0,0,0,0,0,0,0,0,50,0,0,0,0,0,0,5,0,0,0,0,0,0,0,0,0,0,0,0,1,0,0,0,0,0,0,0,0
"2022_MF_NW_MF2",2022,"MF",-36.82947,147.3193,5000,1811,"NW",919.6993728,-0.70709769,0.707115872,5.710593137,"MF2",0,0,0,1,0,0,0,0,0,0,0.5,0,5,0,0,0,0,0,0,5,0,0,5,0,50,0,0,0,0,0,0,0,0,0,0,0,0,0,0.5,0,0,0,10,0,0,0,0,0,0,0,0,0,0,0,15,0,15,0,0,0,5,0,0,0,0,0,0,5,0,0,0,0,0,0,0,0,5,0,0,0,15,0,0,0,0,0,0,0,0,0,0,0,0,0,0,0,0,0,0,0,5,0,0,0,0,0,0,0,5
"2022_MF_NW_MF3",2022,"MF",-36.82947,147.3193,5000,1811,"NW",919.6993728,-0.70709769,0.707115872,5.710593137,"MF3",0,0,0,0,0,0,0,0,0,0,1,0,15,0,0,0,0,0,0,0,0,0,5,0,10,0,0,0,0,0,0,0,0,0,0,0,0,0,0.5,0,0,0,5,0,0,0,0,0,0,0,0,20,0,0,1,0,10,0,0,0,0,0,0,0,0,0,0,0,0,0.5,0,0,0,0,0,0,5,0,0,0,60,0,0,0,0,0,0,0,0,0,0,0,0,0,0,0,0,0,0,0,1,0,0,0,0,0,0,0,1
"2022_MF_NW_MF4",2022,"MF",-36.82947,147.3193,5000,1811,"NW",919.6993728,-0.70709769,0.707115872,5.710593137,"MF4",0,0,0,5,0,0,0,0,0,0,5,0,10,0,0,0,0,0,0,5,0,0,10,0,10,0,0,0,0,0,5,0,0,0,0,0,0,0,0,0,0,0,5,0,0,0,0,0,0,0,0,0,0,0,0,0,15,0,0,0,0,0,0,0,0,0,10,0,0,0.5,0,0,5,0,0,0,0,0,10,0,0,35,0,0,0.5,0,0,0,0,0,0,0,0,0,0,0,0,0,0,0,5,0,0,0,0,0,0,0,0
"2022_MF_NW_MF5",2022,"MF",-36.82947,147.3193,5000,1811,"NW",919.6993728,-0.70709769,0.707115872,5.710593137,"MF5",0,0,0,1,0,0,0,0,0,0,1,0,10,0,0,0,0,0,0,0,0,0,0,0,10,0,0,0,0,0,0,0,5,0,0,0,0,0,5,0,0,0,0,0,0,0,0,0,0,0,0,0,0,0,0,0,5,0,0,0,5,0,0,0,0,0,0,0,0,0,0,0,5,0,0,0,5,0,0,0,65,0,0,0,0.5,0,0,0,0,0,0,0,0,0,0,0,0,0,1,0,5,0,0,0,0,0,0,0,0
"2022_MF_SW_MF6",2022,"MF",-36.82947,147.3193,5000,1811,"SW",896.8857947,-0.707113275,-0.707100288,5.710593137,"MF6",0,0,0,0,0,0,0,0,0,0,0,0,0,0,0,0,0,0,0,0,0,0,0,0,10,0,0,0,0,0,0,0,0,0,0,0,0,0,1,10,0,0,0,0,0,0,0.5,0,0,0,0,0,0,0,70,0,5,0,0,0,5,0,0,0,1,0,0,0,0,0.5,0,0,5,0.5,0,0,0,0,0,0,10,0,0,0,0,0,0,0,0,0,0,0,0,0,0,0,0,0,0,0,1,0,0,0,0,0,0,0,0
"2022_MF_SW_MF7",2022,"MF",-36.82947,147.3193,5000,1811,"SW",896.8857947,-0.707113275,-0.707100288,5.710593137,"MF7",0,5,0,0,0,0,0,0,0,0,0,0,20,0,0,0,0,0,0,0,0,1,5,0,5,5,0,0,0,0,0,0,0,0,0,0,0,0,0,0,0,0,0,0,0,0,0,0.5,0,0,0,35,0,1,0,0,0,0,0,0,5,0,0,0,0,0,0,5,0,0.5,0,0,0,0,0,0,5,0,0,0,0,35,0,0,0.5,0,0,0,0,0,0,0,0,0,0,0,0,0,5,0,1,0,0,0,0,5,0,0,0
"2022_MF_SW_MF8",2022,"MF",-36.82947,147.3193,5000,1811,"SW",896.8857947,-0.707113275,-0.707100288,5.710593137,"MF8",0,0,0,0,0,0,0,0,0,0,0,0,0,0,0,0,0,0,0,0,0,0.5,1,0,20,0,0,0,0,0,0,0,0,0,0,0,0,0,1,0,0,0,0,0,0,0,0,1,0,0,0,45,0,0,15,0,0,0,0,0,1,0,0,0,0,0,0,0,0,0.5,0,0,0,0,0,0,0,0,0,0,25,0,0,0,0,0,0,0,0,0,0,0,0,0,0,0,0,0,0,0,0.5,0,0,0,0,1,0,0,0
"2022_MF_SW_MF9",2022,"MF",-36.82947,147.3193,5000,1811,"SW",896.8857947,-0.707113275,-0.707100288,5.710593137,"MF9",0,0,0,0,0,1,0,0,0,0,0,0,0,0,0,0,0,0,0,0,0,0,1,0,0,0,0,0,0,0,0,0,0,0,0,0,0,0,0.5,30,0,0,0,0,0,5,0,0.5,0,0,0,5,0,1,20,0,1,0,0,0,1,0,0,0,0,0,0,0,0,0,0,0,0,0,0,0,0,0,0,0,5,0,0,0,0,0,0,0,0,0,0,0,0,0,0,0,0,0,0,0,1,0,0,0,0,0,0,0,0
"2022_MF_SW_MF10",2022,"MF",-36.82947,147.3193,5000,1811,"SW",896.8857947,-0.707113275,-0.707100288,5.710593137,"MF10",0,0,0,0,0,0,0,0,0,0,0,0,0,0,0,0,0,5,0,0,0,0,1,0,0.5,0,0,0,0,0,0,0,1,0,0,0,0,0,1,35,0,0,0,0,0,0,0,0,0,0,0,10,0,0,45,0,0,0,0,0,5,0,0,0,0,0,0,0,0,0.5,0,0,1,0.5,0,0,0,0,5,0,5,0,0,0,0,0,0,0,0,0,0,0,0,0,0,0,0,0,0.5,0,0,0,0,0,0,0.5,0,0,0
"2022_MF_SE_MF11",2022,"MF",-36.82947,147.3193,5000,1811,"SE",926.1684365,0.707102885,-0.707110677,5.710593137,"MF11",0,0,0,0,0,0,0,0,0,0,0.5,0,10,0,0,0,0,0,0,10,0,0,1,0,0,0,0.5,0,0,0,0,0,0,0,0,0,0,0,0,0,0,0,0,0,0,0,0,0,0,0,0,10,0,0.5,20,0,0,0,0,0,0,0,0,0,0,0,0,0,0,0.5,0,0,1,0,0,0,1,0,0,10,0,1,0,0,0,0,0,0,0,0,0,0,0,0,0,0,0,0,1,0,5,0,0,0,0,0,0,0,0
"2022_MF_SE_MF12",2022,"MF",-36.82947,147.3193,5000,1811,"SE",926.1684365,0.707102885,-0.707110677,5.710593137,"MF12",0,0,0,0,0,0,0,0,0,0,0.5,0,10,0,0,0,0,0,0,5,0,0.5,1,0,0,0,0.5,0,0,0,0,0,0,0,5,0,0,0,0,0,0,0,5,0,0,0,0,0,0,0,0,40,0,0,25,0,5,0,0,0,5,0,0,0,0,0,0,0,0,0.5,0,0,1,0,0,0,5,0,0,5,0,10,0,0,0,0,0,0,0,0,0,0,0,0,0,0,0,0,0,0,5,0,0,0,0,5,0,0,0
"2022_MF_SE_MF13",2022,"MF",-36.82947,147.3193,5000,1811,"SE",926.1684365,0.707102885,-0.707110677,5.710593137,"MF13",0,0,0,0,0,0,0,0,0,0,0,0,0,0,0,0,0,0,0,1,0,1,0.5,0,0,0,0,0,0,0,0,0,0,0,0,0,0,0,0,0,0,0,0,0,0,0,0,0.5,0,0,0,20,0,0,70,0,0,0,0,0,1,0,0,0,0,0,0,0,0,0,0,0,0.5,0,0,0,1,0,0,0,10,10,0,0,0,0,0,0,0,0,0,0,0,0,0,0,0,0,0,0,0,0,0,0,0,0.5,0,0,0
"2022_MF_SE_MF14",2022,"MF",-36.82947,147.3193,5000,1811,"SE",926.1684365,0.707102885,-0.707110677,5.710593137,"MF14",0,0.5,0,1,0,0,0,0,0,0,0,0,5,0,0,0,0,0,0,5,0,0.5,5,0,40,0,0,0,0,0,0,0,0,0,1,0,0,0,0,0,0,0,5,0,0,0,1,0,0,0,0,35,0,0,0,0,0,0,0,0,0,5,0,0,0,0,0,10,0,0.5,0,0,0.5,0,0,0,0,0,0,0,10,10,0,0,0.5,0,0,0,0,0,0,0,0,0,0,0,0,0,0.5,0,5,0,0,0,0,0.5,1,0,0
"2022_MF_SE_MF15",2022,"MF",-36.82947,147.3193,5000,1811,"SE",926.1684365,0.707102885,-0.707110677,5.710593137,"MF15",0,1,0,5,0,0,0,0,5,0,0,0,0,0,0,0,0,5,0,1,0,0.5,5,0,0,0,0,0,0,0,0,0,5,0,0,0,0,0,0,0,0,0,5,0,0,0,5,0,0,0,0,15,0,5,0,0,0,0,0,0,1,5,0,0,5,0,0,5,0,0.5,0,0,0,0,0,0,0,15,1,0,10,10,0,0,0.5,0,0,0,0,0,0,10,0,0,0,0,0,0,0,0,5,0,0,0,0,1,0,0,0
"2022_MF_NE_MF16",2022,"MF",-36.82947,147.3193,5000,1811,"NE",948.9820146,0.70710808,0.707105483,5.710593137,"MF16",0,0,0,15,0,0,0,0,0,0,0.5,0,10,0,0,0,0,0,0,0,0,1,10,0,15,0,0,0,0,0,5,0,0,0,5,0,0,0,0,0,0,0,10,0,0,0,1,0,0,0,0,0,0,0,0,0,10,0,0,0,10,0,0,0,0,0,0,5,0,0,0,0,0,0,0,0,0,10,0,0,1,20,0,0,0,0,0,0,0,0,0,0,0,0,0,0,0,0,0,0,1,0,0,0,0,0,0,0,15
"2022_MF_NE_MF17",2022,"MF",-36.82947,147.3193,5000,1811,"NE",948.9820146,0.70710808,0.707105483,5.710593137,"MF17",0,0,0,35,0,0,0,0,0,0,0.5,0,15,0,0,0,0,0,0,0,0,0.5,5,0,55,0,0,0,0,0,0,0,0,0,5,0,0,0,0,0,0,0,10,0,0,0,5,0,0,0,0,0,0,0,0,0,15,0,0,0,5,0,0,0,0,0,0,0,0,0.5,0,0,0,0,0,0,1,0,0,0,5,0,0,0,0,0,0,0,0,0,0,0,0,0,0,0,0,0,0,0,1,0,0,0,0,0,0,0,0
"2022_MF_NE_MF18",2022,"MF",-36.82947,147.3193,5000,1811,"NE",948.9820146,0.70710808,0.707105483,5.710593137,"MF18",0,0,0,0,0,0,0,0,0,0,0.5,0,15,0,0,0,0,0,0,5,0,0.5,5,0,25,0,0,0,0,0,0,0,0,0,10,0,0,0,0,0,0,0,15,0,0,0,5,0,0,0,0,35,0,0,0,0,0,0,0,0,5,0,0,0,5,0,1,0,0,0,0,0,0,0,0,0,0,20,0,5,1,10,0,0,0,0,0,0,0,0,0,0,0,0,0,0,1,0,0,0,1,0,0,0,0,1,0,0,0
"2022_MF_NE_MF19",2022,"MF",-36.82947,147.3193,5000,1811,"NE",948.9820146,0.70710808,0.707105483,5.710593137,"MF19",0,1,0,0,0,0,0,0,0,0,0.5,0,10,0,0,0,0,0,0,5,0,0,5,0,1,0,0,0,0,0,1,0,0,0,1,0,0,0,0.5,0,0,0,0,0,0,0,5,0,0,10,0,0,0,5,20,0,10,0,0,0,5,0,0,0,0,0,0,0,0,0.5,0,0,0,0,0,0,10,0,0,0,1,25,0,0,0,0,0,0,0,0,0,5,0,0,0,0,0,0,0,0,5,0,0,0,0,1,0,0,1
"2022_MF_NE_MF20",2022,"MF",-36.82947,147.3193,5000,1811,"NE",948.9820146,0.70710808,0.707105483,5.710593137,"MF20",0,0,0,10,0,0,0,0,0,0,0,0,25,0,0,0,0,0,0,0,0,0,1,0,30,0,0,0,0,0,0.5,0,0,0,5,0,0,0,0,0,0,0,0,0,0,0,1,0,0,0,0,15,0,0,20,0,15,0,0,0,1,0,0,0,1,0,5,0,0,0,0,0,0.5,0,0,0,5,0,0,0,5,15,0,0,0,0,0,0,0,0,0,0,0,0,0,0,0,0,0,0,1,0,0,0,0,1,0,0,0
"2022_MH_N_MH1",2022,"MH",-37.17422999,146.647766,1938,1741.986938,"N",957.8346422,0,1,14.66023794,"MH1",0,5,0,5,0,0,0,0,0,0,0,0,40,0,0,0,0,0,0,5,0,0,0,0,10,0,0,0,0,0,0,0,0,0,0,0,0,0,0,0,0,0,0,0,1,0,0,0,0,0,0,0,25,0,0,0,0,0,0,0,0,0,5,0,0,0,0,0,0,0,0,0,0,0,0,0,0,0,0,40,0,0,0,10,0,0,0,0,0,0,10,0,0,0,0,0,0,0,0,0,0,0,0,0,0,0,0,0,0
"2022_MH_N_MH2",2022,"MH",-37.17422999,146.647766,1938,1741.986938,"N",957.8346422,0,1,14.66023794,"MH2",0,0,0,0,0,0,0,0,0,0,0,0,25,0,0,0,0,0,0,5,0,0,0,0,20,0,0,0,0,0,0,0,0,0,0,0,0,0,0,0,0,0,0,0,0,0,0,0,0,0,0,0,5,0,80,0,0,0,0,0,0,0,5,0,5,0,0,0,0,0,0,0,0,0,0,0,0,0,0,10,0,0,0,0,0,0,0,0,0,0,0,0,0,0,0,0,0,0,0,0,0,0,0,0,0,0,0,0,0
"2022_MH_N_MH3",2022,"MH",-37.17422999,146.647766,1938,1741.986938,"N",957.8346422,0,1,14.66023794,"MH3",0,0,0,0,0,0,0,0,0,0,0,0,25,0,0,0,0,0,0,1,5,0,0,0,15,0,0,0,0,0,0,0,0,0,0,0,0,0,0,0,0,0,0,0,0,0,0,0,0,0,0,0,10,0,60,0,0,0,0,0,0,0,5,0,0.5,0,0,0,0,0,0,0,0,0,0,0,0,0,0,15,0,0,0,0,0,0,0,0,0,0,0,0,0,0,0,0,0,0,0,0,0,0,0,0,0,0,0,0,0
"2022_MH_N_MH4",2022,"MH",-37.17422999,146.647766,1938,1741.986938,"N",957.8346422,0,1,14.66023794,"MH4",0,0,0,0,0,0,0,0,0,0,0,0,15,0,0,0,0,0,0,0,10,0,0,0,10,0,0,0,0,0,0,0,0,0,0,0,0,0,0,0,0,0,0,0,0,0,0,0,0,0,0,0,0,5,40,0,0,0,0,0,0,0,0,0,0,0,0,0,0,0,0,0,0,0,0,0,0,0,0,30,0,0,0,0,0,0,0,0,0,1,0,0,0,0,0,0,0,0,0,0,0,0,5,0,0,0,0,0,0
"2022_MH_N_MH5",2022,"MH",-37.17422999,146.647766,1938,1741.986938,"N",957.8346422,0,1,14.66023794,"MH5",0,0,0,0,0,0,0,0,0,0,0,0,20,0,0,0,0,0,5,5,0,0,0,0,30,0,0,0,15,0,0,0,0,10,0,0,0,0,0,0,0,0,0,0,0,0,0,0,0,0,0,0,15,5,0,0,5,10,0,0,0,15,0,0,5,0,0,0,0,1,0,0,0,0,0,0,0,0,0,20,0,0,0,0,0,0,0,0,0,0,0,0,0,0,0,0,5,0,0,0,0,0,1,0,0,5,0,0,0
"2022_MH_E_MH6",2022,"MH",-37.17422999,146.647766,1938,1741.986938,"E",967.1693017,1,-3.67e-06,9.396344879,"MH6",0,0,0,5,0,0,0,0,0,0,0,0,50,0,0,0,0,0,0,5,0,0,10,0,10,0,0,0,0,0,0,0,0,0,0,0,0,0,0,0,0,0,0,0,0,0,0,0,0,0,0,0,10,5,0,0,0,0,0,0,0,5,0,0,10,0,0,0,0,0,0,0,0,0,0,0,0,0,0,30,0,0,0,0,0,0,0,0,0,1,5,0,0,0,0,0,0,0,0,0,0,0,0,0,0,0,0,0,0
"2022_MH_E_MH7",2022,"MH",-37.17422999,146.647766,1938,1741.986938,"E",967.1693017,1,-3.67e-06,9.396344879,"MH7",0,5,0,0,0,0,0,0,0,0,1,0,0,0,0,0,0,0,0,0,0,0,15,0,0,0,0,0,0,0,0,0,10,0,0,0,0,0,0,0,0,0,0,0,0,0,0,0,0,0,0,0,20,10,0,0,5,0,0,0,0,0,5,0,5,0,0,0,0,0,0,0,0,0,0,0,0,0,0,60,0,0,0,0,0,0,0,0,0,5,0,5,0,0,0,0,0,0,0,0,0,0,1,0,0,0,0,0,0
"2022_MH_E_MH8",2022,"MH",-37.17422999,146.647766,1938,1741.986938,"E",967.1693017,1,-3.67e-06,9.396344879,"MH8",0,5,0,0,0,1,0,0,0,0,0,0,20,0,0,0,0,0,0,10,5,0,10,0,0,0,0,0,0,0,0,10,0,0,0,0,0,0,0,0,0,0,0,0,1,0,0,0,0,0,0,0,5,15,0,0,5,0,0,0,0,0,5,0,10,0,0,0,0,0,0,0,0,0,0,0,0,0,0,50,0,0,0,0,0.5,0,0,0,0,0,0,5,0,0,0,0,0,0,0,0,0,0,1,0,0,1,0,0,0
"2022_MH_E_MH9",2022,"MH",-37.17422999,146.647766,1938,1741.986938,"E",967.1693017,1,-3.67e-06,9.396344879,"MH9",0,1,15,0,0,0,0,0,0,0,5,0,0,0,0,0,0,0,0,0,0,0,5,0,0,0,0,0,0,0,0,1,0,0,0,0,0,0,0,0,0,0,0,0,0,0,0,0,0,0,0,0,15,5,0,0,0,0,0,0,0,0,0,0,5,0,0,0,0,0,0,0,0,0,0,0,10,0,0,70,0,0,0,0,0,0,0,0,0,0,0,0,0,0,0,0,0,0,0,0,0,0,1,0,0,0,0,0,5
"2022_MH_E_MH10",2022,"MH",-37.17422999,146.647766,1938,1741.986938,"E",967.1693017,1,-3.67e-06,9.396344879,"MH10",0,1,0,10,0,0,0,0,0,0,1,0,45,0,0,0,0,0,0,5,0,0,0,0,0,0,0,0,0,0,0,10,10,0,0,0,0,0,0,0,0,0,0,0,5,0,0,0,0,0,0,0,0,5,0,0,0,0,0,0,0,0,10,0,10,0,0,0,0,0,0,0,0,0,0,0,0,0,0,45,0,0,0,0,0,0,0,0,0,1,5,0,0,0,0,0,0,0,0,0,0,0,0,0,0,1,0,0,0
"2022_MH_S_M11",2022,"MH",-37.17422999,146.647766,1938,1741.986938,"S",916.3797054,-7.35e-06,-1,6.80887792,"M11",0,1,0,5,0,0,0,0,0,0,1,0,15,0,0,0,0,0,0,5,0,0,15,0,0,0,0,0,0,0,0,5,0,0,0,0,0,0,0,0,0,0,0,0,0,0,0,0,0,0,0,0,10,5,0,0,0,0,0,0,0,0,0,0,5,0,0,0,0,0,0,0,0,0,0,0,0,0,0,80,0,0,0,0,0.5,0,0,0,0,0,0,5,0,0,0,0,0,0,0,0,0,0,0,0,0,0,0,0,0
"2022_MH_S_MH12",2022,"MH",-37.17422999,146.647766,1938,1741.986938,"S",916.3797054,-7.35e-06,-1,6.80887792,"MH12",0,0,0,10,0,0,0,0,0,0,0,0,0,0,0,5,0,0,0,0,0,0,5,0,0,0,0,0,0,0,0,0,0,0,0,0,0,0,0,0,0,0,0,0,0,0,0,0,0,0,0,0,20,0.5,0,0,0,0,0,0,0,0,0,0,0,0,0,0,0,0,0,0,0,0,0,0,5,0,0,35,0,0,0,0,0,0,0,0,0,0,0,0,0,0,0,0,0,0,0,0,0,0,5,5,0,0,0,0,10
"2022_MH_S_MH13",2022,"MH",-37.17422999,146.647766,1938,1741.986938,"S",916.3797054,-7.35e-06,-1,6.80887792,"MH13",0,0,0,0,0,0,0,0,0,0,5,0,0,0,0,0,0,0,0,10,0,0,10,0,0,0,0,0,0,0,0,10,1,0,0,0,0,0,0,0,0,0,0,5,0,0,0,0,0,0,0,0,20,10,0,0,5,0,0,0,0,0,0,0,5,0,0,0,0,0,0,0,0,0,0,0,15,0,0,50,0,0,0,0,0,0,0,0,0,5,5,0,0,0,0,0,0,0,0,0,0,0,0,0,0,1,0,0,0
"2022_MH_S_MH14",2022,"MH",-37.17422999,146.647766,1938,1741.986938,"S",916.3797054,-7.35e-06,-1,6.80887792,"MH14",0,1,0,5,0,0,0,0,0,0,10,0,0,0,0,0,0,0,0,5,0,0,15,0,0,0,0,0,0,0,0,0,0,0,0,0,0,0,0,0,0,0,0,0,0,0,0,0,0,0,0,0,20,5,0,0,15,0,0,0,0,0,0,0,0,0,0,0,0,0,0,0,0,0,0,0,0,0,0,60,0,0,0,0,0,0,0,0,0,0,15,0,0,0,0,0,0,0,0,0,0,0,0,0,0,0,0,0,0
"2022_MH_S_MH15",2022,"MH",-37.17422999,146.647766,1938,1741.986938,"S",916.3797054,-7.35e-06,-1,6.80887792,"MH15",0,5,0,10,0,0,0,0,0,0,1,0,0,0,0,0,0,0,0,0,0,0,15,0,0,0,0,0,0,0,0,10,0,0,0,0,0,0,0,0,0,0,0,0,0,0,0,0,0,0,0,0,5,5,25,0,0,0,0,0,0,10,0,0,10,0,0,0,0,0,0,0,0,0,0,0,0,0,0,40,0,0,0,0,0,0,0,0,0,0,5,0,0,0,0,0,0,0,0,0,0,0,0,0,0,0,0,0,0
"2022_MH_W_MH16",2022,"MH",-37.17422999,146.647766,1938,1741.986938,"W",877.5909618,-1,1.1e-05,12.07277098,"MH16",0,0,0,0,0,5,0,0,0,0,5,0,0,0,0,0,0,0,0,5,0,0,0,0,5,0,0,0,0,0,0,0,15,0,0,0,0,0,5,0,0,0,0,0,0,0,0,0,0,0,0,0,0,5,20,0,10,0,0,0,0,10,0,0,0,0,0,0,0,0,0,0,0,0,0,0,0,0,0,20,0,0,0,0,0,0,0,0,0,0,0,0,0,0,0,0,5,0,0,0,0,0,0,0,0,10,0,0,0
"2022_MH_W_MH17",2022,"MH",-37.17422999,146.647766,1938,1741.986938,"W",877.5909618,-1,1.1e-05,12.07277098,"MH17",0,0,0,0,0,0,0,0,0,0,5,0,0,0,0,0,0,0,0,5,0,0,10,0,0,0,10,0,0,0,0,5,0,0,0,0,0,0,0,0,0,0,0,0,0,0,0,0,0,0,0,0,10,5,40,0,5,0,0,0,0,0,0,0,0,0,0,0,0,0,0,0,0,0,0,0,0,0,0,40,0,0,0,0,0,0,0,0,0,0,0,0,0,0,0,0,0,0,0,0,0,0,0,0,0,0,0,0,0
"2022_MH_W_MH18",2022,"MH",-37.17422999,146.647766,1938,1741.986938,"W",877.5909618,-1,1.1e-05,12.07277098,"MH18",0,1,0,0,0,0,0,0,0,0,0,0,10,0,0,0,0,0,0,5,0,0,5,0,5,0,0,0,0,0,0,0,5,0,0,0,0,0,0,0,0,0,0,0,0,0,0,0,0,0,0,0,0,0,40,0,5,0,0,5,0,15,0,0,5,0,0,0,0,0,0,0,0,0,0,0,0,0,0,25,0,0,0,0,0,0,0,0,0,0,0,0,0,0,0,0,0,0,0,0,0,0,0,0,0,0,0,0,0
"2022_MH_W_MH19",2022,"MH",-37.17422999,146.647766,1938,1741.986938,"W",877.5909618,-1,1.1e-05,12.07277098,"MH19",0,0,0,0,0,0,0,0,0,0,0,0,5,0,0,0,0,0,0,0,0,0,0,0,20,0,0,0,0,0,0,0,0,0,0,0,0,0,0,0,0,0,0,0,0,0,0,0,0,0,0,0,0,0,40,0,0,0,0,0,0,5,0,0,0,0,0,0,0,0,0,0,0,0,0,0,0,0,0,20,0,0,0,0,0,0,0,0,0,0,5,0,0,0,0,0,0,0,0,0,0,0,0,0,0,0,0,0,0
"2022_MH_W_MH20",2022,"MH",-37.17422999,146.647766,1938,1741.986938,"W",877.5909618,-1,1.1e-05,12.07277098,"MH20",0,0,0,0,0,0,0,0,0,0,0,0,0,0,0,0,0,0,0,0,0,0,0,0,0,0,0,0,0,0,0,0,10,0,0,0,0,0,0,0,0,0,0,0,0,0,0,0,0,0,0,0,0,0,40,0,0,0,0,0,0,15,0,0,0,0,0,0,0,0,0,0,0,0,0,0,0,0,0,25,0,0,0,0,0,0,0,0,0,0,0,0,0,0,0,1,0,0,0,0,0,0,0,0,0,10,0,0,0
"2022_MHW_NW_MHW1",2022,"MHW",-37.17599,146.6418,954,1689,"NW",876.0616033,-0.70709769,0.707115872,15.69513405,"MHW1",0,5,0,0,0,0,0,0,0,0,0,0,0,0,0,0,0,0,0,0,0,0,5,0,0,0,0,0,0,0,0,0,0,0,0,0,0,0,0,0,0,0,0,0,0,0,0,0,0,0,0,0,45,1,0,0,0,0,0,0,0,0,0,0,0,0,0,0,0,0,0,0,0,0,0,0,0,0,0,55,0,0,0,0,0,0,0,0,0,0,0,0,0,0,0,0,0,0,0,0,0,0,5,0,0,0,0,0,0
"2022_MHW_NW_MHW2",2022,"MHW",-37.17599,146.6418,954,1689,"NW",876.0616033,-0.70709769,0.707115872,15.69513405,"MHW2",0,5,0,0,0,0,0,0,0,0,0,0,0,0,0,0,0,0,0,0,0,0,0,0,0,0,0,0,0,0,0,0,0,0,0,0,0,0,0,0,20,0,0,0,0,0,0,0,0,0,0,0,80,0,0,0,0,0,0,0,0,0,0,0,0,0,0,0,0,0,0,0,0,0,0,0,0,0,0,20,0,0,0,0,0,0,0,0,0,0,0,0,0,0,0,0,0,0,0,0,0,0,5,0,0,0,0,0,0
"2022_MHW_NW_MHW3",2022,"MHW",-37.17599,146.6418,954,1689,"NW",876.0616033,-0.70709769,0.707115872,15.69513405,"MHW3",0,1,0,10,0,0,0,0,0,0,5,0,0,0,0,0,0,0,0,5,0,0,10,0,0,0,0,0,5,0,10,0,0,0,0,0,0,0,0,0,0,0,0,0,0,0,0,0,0,0,1,0,30,0,0,0,0,0,0,0,0,0,0,0,0,0,0,0,0,0,0,0,0,0,0,0,0,0,0,20,0,0,0,0,0,0,0,0,0,10,10,0,0,0,0,0,0,0,0,0,0,0,5,0,0,0,0,0,0
"2022_MHW_NW_MHW4",2022,"MHW",-37.17599,146.6418,954,1689,"NW",876.0616033,-0.70709769,0.707115872,15.69513405,"MHW4",0,1,0,15,0,0,0,0,0,0,0,0,0,0,0,0,0,0,0,5,0,0,5,0,0,0,0,0,0,0,0,0,0,0,0,0,0,0,0,0,0,0,0,0,0,0,0,0,0,0,0,0,60,5,0,0,0,0,0,0,0,0,0,0,0,0,0,0,0,0,0,0,0,0,0,0,0,0,0,20,0,0,0,0,0,0,0,0,0,0,0,0,0,0,0,0,0,0,0,0,0,0,1,0,0,0,0,0,0
"2022_MHW_NW_MHW5",2022,"MHW",-37.17599,146.6418,954,1689,"NW",876.0616033,-0.70709769,0.707115872,15.69513405,"MHW5",0,1,0,15,0,0,0,0,0,0,0,0,0,0,0,0,0,0,0,0,0,0,0,0,15,0,0,0,0,0,0,0,0,0,0,0,0,0,0,0,0,0,0,0,0,0,0,0,0,0,0,0,15,0,0,0,0,0,0,0,0,5,0,0,0,0,0,0,0,0,0,0,0,0,0,0,0,20,0,50,0,0,0,0,0,0,0,0,0,0,0,0,0,1,0,0,0,0,0,0,0,0,5,0,0,0,0,0,0
"2022_MHW_SW_MHW6",2022,"MHW",-37.17599,146.6418,954,1689,"SW",830.2637631,-0.707113275,-0.707100288,13.42025477,"MHW6",0,1,10,15,0,0,0,0,0,0,5,0,0,0,0,0,0,0,0,5,0,0,15,0,0,0,0,0,0,0,0,5,0,0,0,0,0,0,0,0,0,0,0,0,0,0,0,0,0,0,0,0,30,5,0,0,0,0,0,0,0,0,0,0,5,0,0,0,0,0,0,0,0,0,0,0,0,0,0,30,0,0,0,0,0,0,0,0,0,0,0,0,0,0,0,0,0,0,0,0,0,0,5,0,0,0,0,0,0
"2022_MHW_SW_MHW7",2022,"MHW",-37.17599,146.6418,954,1689,"SW",830.2637631,-0.707113275,-0.707100288,13.42025477,"MHW7",0,0,0,0,0,0,0,0,0,0,1,0,0,0,0,0,0,0,0,0,0,0,1,0,0,0,0,0,0,0,0,0,0,0,0,0,0,0,0,0,0,0,0,0,0,0,0,0,0,0,0,0,50,5,0,0,0,0,0,0,0,0,0,0,0,0,0,0,0,0,0,0,0,0,0,0,0,0,0,30,0,0,0,0,0,0,0,0,0,0,0,0,0,0,0,0,0,0,0,0,0,0,0,0,0,0,0,0,0
"2022_MHW_SW_MHW8",2022,"MHW",-37.17599,146.6418,954,1689,"SW",830.2637631,-0.707113275,-0.707100288,13.42025477,"MHW8",0,1,0,5,0,0,0,0,0,0,0,0,0,0,0,0,0,0,0,5,0,0,5,0,0,0,0,0,0,0,10,0,5,0,0,0,0,0,0,0,0,0,0,0,0,0,0,0,0,0,5,0,30,0,0,0,0,0,0,0,0,0,0,0,5,0,0,0,0,0,0,0,0,0,0,0,0,0,0,40,0,0,0,0,0,0,0,0,0,0,5,0,0,0,0,0,0,0,0,0,0,0,1,0,0,0,0,0,0
"2022_MHW_SW_MHW9",2022,"MHW",-37.17599,146.6418,954,1689,"SW",830.2637631,-0.707113275,-0.707100288,13.42025477,"MHW9",0,5,0,0,0,0,0,0,0,0,1,0,0,0,0,0,0,0,0,0,0,0,5,0,0,0,0,0,0,0,0,5,15,0,0,0,0,0,0,0,0,0,0,0,0,0,0,0,0,0,0,0,35,1,0,0,0,0,0,0,0,0,0,0,0,0,0,0,0,0,0,0,0,0,0,0,0,0,0,40,0,0,0,0,0,0,0,0,0,0,0,5,0,0,0,0,0,0,0,0,0,0,10,0,0,0,0,0,0
"2022_MHW_SW_MHW10",2022,"MHW",-37.17599,146.6418,954,1689,"SW",830.2637631,-0.707113275,-0.707100288,13.42025477,"MHW10",0,1,5,0,0,0,0,0,0,5,0,0,0,0,0,0,0,0,0,0,0,0,20,0,0,0,0,0,0,0,0,0,0,0,0,0,0,0,0,0,0,0,0,0,0,0,0,0,0,0,0,0,50,5,0,0,0,0,0,0,0,0,0,0,5,0,0,0,0,0,0,0,0,0,0,0,0,0,0,40,0,0,0,0,0,0,0,0,0,0,0,0,0,0,0,0,0,0,0,0,0,0,1,0,0,0,0,0,0
"2022_MHW_SE_MHW11",2022,"MHW",-37.17599,146.6418,954,1689,"SE",908.6945906,0.707102885,-0.707110677,10.98330656,"MHW11",0,5,10,0,0,0,0,0,0,60,1,0,0,0,0,0,0,0,0,0,15,0,5,0,0,0,0,0,0,0,0,5,0,0,0,0,0,0,0,0,0,0,0,0,0,0,5,0,0,0,0,0,40,0,0,0,0,0,0,0,0,0,0,0,5,0,0,0,0,0,0,0,0,0,0,0,5,0,0,5,0,0,0,0,0,0,0,0,0,0,0,0,0,0,0,0,0,0,0,0,0,0,5,0,0,0,0,0,0
"2022_MHW_SE_MHW12",2022,"MHW",-37.17599,146.6418,954,1689,"SE",908.6945906,0.707102885,-0.707110677,10.98330656,"MHW12",0,5,0,0,0,0,0,0,0,0,1,0,0,0,0,0,0,0,0,0,15,0,5,0,0,0,0,0,0,0,0,0,0,0,0,0,0,0,0,0,0,0,0,0,0,0,0,0,0,0,0,0,20,5,0,0,0,0,0,0,0,0,0,0,5,0,0,0,0,0,0,0,0,0,0,0,0,0,0,60,0,0,0,0,0,0,0,0,0,0,0,0,0,0,0,0,0,0,0,0,0,0,5,0,0,10,0,0,0
"2022_MHW_SE_MHW13",2022,"MHW",-37.17599,146.6418,954,1689,"SE",908.6945906,0.707102885,-0.707110677,10.98330656,"MHW13",0,5,0,0,0,0,0,0,0,0,0.5,0,0,0,0,0,0,0,0,0,5,0,0,0,0,0,0,0,0,0,0,10,0,0,0,0,0,0,0,0,0,0,0,0,0,0,0,0,0,0,0,0,30,15,0,0,0,0,0,0,0,0,5,0,10,0,0,0,0,0,0,0,0,0,0,0,0,0,0,40,0,0,0,0,0,0,0,0,0,0,0,0,0,0,0,0,0,0,0,0,0,0,10,0,0,0,0,0,0
"2022_MHW_SE_MHW14",2022,"MHW",-37.17599,146.6418,954,1689,"SE",908.6945906,0.707102885,-0.707110677,10.98330656,"MHW14",0,10,0,0,0,0,0,0,0,0,5,0,0,0,0,0,0,0,0,0,5,0,5,5,0,0,0,0,0,0,0,0,0,0,0,0,0,0,0,0,0,0,0,0,0,0,0,0,15,0,0,0,0,5,0,0,0,0,0,0,0,0,5,0,5,0,0,0,0,0,0,0,0,0,0,0,5,0,0,50,0,0,0,0,0,0,0,0,0,0,0,0,0,0,0,0,0,0,0,0,0,0,5,0,0,10,0,0,0
"2022_MHW_SE_MHW15",2022,"MHW",-37.17599,146.6418,954,1689,"SE",908.6945906,0.707102885,-0.707110677,10.98330656,"MHW15",0,15,0,0,0,0,0,0,0,0,0,0,0,0,0,0,0,0,0,0,40,0,0,5,0,0,0,0,0,0,0,0,0,0,0,0,0,0,0,0,0,0,0,0,0,0,0,0,0,0,0,0,30,15,0,0,0,0,0,0,0,0,0,0,0,0,0,0,0,0,0,0,0,0,0,0,0,0,0,5,0,0,0,0,0,0,0,0,0,0,0,0,0,0,0,0,0,0,0,0,0,0,20,0,0,0,0,0,0
"2022_MHW_NE_MHW16",2022,"MHW",-37.17599,146.6418,954,1689,"NE",958.0409454,0.70710808,0.707105483,13.25818584,"MHW16",0,5,0,0,0,0,0,0,0,0,0,0,0,0,0,0,0,0,0,0,0,0,0,0,0,0,0,0,0,0,10,0,0,0,0,0,0,0,0,0,0,0,0,0,0,0,0,0,0,0,0,0,40,5,0,0,0,0,0,0,0,0,0,0,0,0,0,0,0,0,0,0,0,0,0,0,0,15,0,30,0,0,0,0,0,0,0,0,0,0,0,0,0,0,0,0,0,0,0,0,0,0,1,0,0,0,0,0,0
"2022_MHW_NE_MHW17",2022,"MHW",-37.17599,146.6418,954,1689,"NE",958.0409454,0.70710808,0.707105483,13.25818584,"MHW17",0,10,0,0,0,0,0,0,0,0,0,0,0,0,0,0,0,0,0,0,15,0,5,0,0,0,0,0,0,0,10,0,0,0,0,0,0,0,0,0,0,0,0,0,0,0,0,0,0,0,0,0,40,5,0,0,0,0,0,0,0,0,0,0,5,0,0,0,0,0,0,0,0,0,0,0,0,0,0,30,0,0,0,0,0,0,0,0,0,0,0,0,0,0,0,0,0,0,0,0,0,0,10,0,0,5,0,0,0
"2022_MHW_NE_MHW18",2022,"MHW",-37.17599,146.6418,954,1689,"NE",958.0409454,0.70710808,0.707105483,13.25818584,"MHW18",0,5,0,0,0,0,0,0,0,0,0,0,0,0,0,0,0,0,0,0,20,0,0,0,0,0,0,0,0,0,0,0,0,0,0,0,0,0,0,0,0,0,0,0,0,0,0,0,0,0,0,0,20,10,0,0,0,0,0,0,0,0,0,0,0,0,0,0,0,0,0,0,0,0,0,0,0,15,0,50,0,0,0,0,0,0,0,0,0,0,0,0,0,0,0,0,0,0,0,0,0,0,10,0,0,0,0,0,0
"2022_MHW_NE_MHW19",2022,"MHW",-37.17599,146.6418,954,1689,"NE",958.0409454,0.70710808,0.707105483,13.25818584,"MHW19",0,10,0,0,0,0,0,0,0,0,0,0,0,0,0,0,0,0,0,0,10,0,10,0,0,0,0,0,0,0,0,0,0,0,0,0,0,0,0,0,0,0,0,0,0,0,0,0,0,0,0,0,5,10,0,0,0,0,0,0,0,0,0,0,5,0,0,0,0,0,0,0,0,0,0,0,0,0,0,70,0,0,0,0,0,0,0,0,0,0,0,5,0,0,0,0,0,0,0,0,0,0,5,0,0,0,0,0,0
"2022_MHW_NE_MHW20",2022,"MHW",-37.17599,146.6418,954,1689,"NE",958.0409454,0.70710808,0.707105483,13.25818584,"MHW20",0,10,0,0,0,0,0,0,0,0,0,0,0,0,0,0,0,0,0,0,0,0,5,0,0,0,0,0,0,0,0,0,0,0,0,0,0,0,0,0,0,0,0,0,0,0,0,0,0,0,0,0,40,0,0,0,0,0,0,0,0,0,0,0,5,0,0,0,0,0,0,0,0,0,0,0,0,0,0,50,0,0,0,0,0,0,0,0,0,0,0,0,0,0,0,0,0,0,0,0,0,0,5,0,0,0,0,0,0
"2022_TT_NE_TT1",2022,"TT",-37.02748,147.0278,2254,1574,"NE",974.7638253,0.70710808,0.707105483,10.76130005,"TT1",0,0.5,0,0,0,0,0,0,0,0,0,0,0,0,0,0,0,0,1,0,0,0,10,0,5,0,0,0,10,0,0,0,0,0,0,0,0,0,0,0,0,0,0,0,0,0,0,0,0,0,0,40,0,1,0,0,5,0,0,0,0,0,0,0,0,0,0,0,0,0,0,0,0,1,0,0,0,0,0,0,0,50,0,0,0,0,0,0,0,0,0,0,0,0,0,0,10,0,0,0,0,0,0.5,0,0,0,0.5,0,0
"2022_TT_NE_TT2",2022,"TT",-37.02748,147.0278,2254,1574,"NE",974.7638253,0.70710808,0.707105483,10.76130005,"TT2",0,0.5,0,5,0,1,0,0,0,0,0,0,0,0,0,0,0,0,5,1,0,0,5,0,0,0,0,0,40,0,0,0,0,0,0,0,0,0,0,0,0,0,0,0,0,0,0,0,0,0,0,10,0,10,0,0,5,0,0,0,0,0,0,0,0,0,0,0,0,0,0,0,0,5,0,0,0,0,0,0,0,10,0,0,0,0,0,0,0,0,1,0,0,0,10,0,5,0,0,0,0,0,0,0,0,0.5,0.5,0,0
"2022_TT_NE_TT3",2022,"TT",-37.02748,147.0278,2254,1574,"NE",974.7638253,0.70710808,0.707105483,10.76130005,"TT3",0,1,0,5,0,1,0,0,0,0,0,0,0,0,0,0,0,0,1,1,0,0,5,0,5,0,0,0,5,0,0,0,0,0,0,0,0,0.5,0,0,0,0,0,0,0,0,0,0,0,0,0,40,0,5,0,0,20,0,0,0,0,0,0,0,0,0,0,0,0,0,0,0,0,5,0,0,0,0,0,0,0,15,0,0,0,0,0,0,0,0,0.5,0,0,0,5,0,0,0,0,0,0,0,0,0,0,1,0.5,0,0
"2022_TT_NE_TT4",2022,"TT",-37.02748,147.0278,2254,1574,"NE",974.7638253,0.70710808,0.707105483,10.76130005,"TT4",0,1,0,5,0,0,0,0,0,0,0.5,0,0,0,0,0,0,0,1,1,0,0,1,0,0,0,0,0,5,0,0,0,0,0,0,0,0,0,0,0,0,0,0,0,0,0,0,0,0,0,0,40,0,5,0,0,40,0,0,0,0,0,0,0,0,0,0,0,0,0,0,0,0,1,0,0,0,0,0,0,0,20,0,0,0,0,0,0,0,0,0,0,0,0,5,0,1,0,0,0,0,0,1,0,0,0,0,0,0
"2022_TT_NE_TT5",2022,"TT",-37.02748,147.0278,2254,1574,"NE",974.7638253,0.70710808,0.707105483,10.76130005,"TT5",0,0.5,0,0,0,1,0,0,0,0,1,0,0,0,0,0,0,0,0,5,0,0,0,0,0,0,0,0,5,0,0,0,0.5,0,0,0,0,0,0,0,0,0,0,0,0,0,0,0,0,0,0,35,0,5,0,0,30,0,0,0,0,0,0,0,0,0,0,0,0,0,0,0,0,5,0,0,0,0,0,0,0,30,0,0,0,0,0,0,0,0,0,0,0,0,5,0,0,0,0,0.5,0,0,1,0,0,0,0.5,0,0
"2022_TT_NW_TT6",2022,"TT",-37.02748,147.0278,2254,1574,"NW",914.8424467,-0.70709769,0.707115872,11.67156222,"TT6",0,0.5,0,0,0,0,0,0,0,0,0,0,0,0,0,0,0,0,1,1,0,0,5,0,0,0,0,0,10,0,0,0,0,0,0,0,0,0,0,0,0,0,0,0,0,0,0,0,0,0,0,25,0,5,0,0,10,0,0,0,0,0,0,0,0,0,0,0,0,0,0,0,0,5,0,0,0,0,0,0,0,50,0,0,0,0,0,0,0,0,0,0,0,0,5,0,0,0,0,0,0,0,0,0,0,0,5,0,0
"2022_TT_NW_TT7",2022,"TT",-37.02748,147.0278,2254,1574,"NW",914.8424467,-0.70709769,0.707115872,11.67156222,"TT7",0,0.5,0,15,0,0,0,0,0,0,0,0,0,0,0,0,0,0,1,0,0,0,5,0,0,0,0,0,5,0,0,0,0,0,0,0,0,0,0,0,0,0,0,0,0,0,0,0,0,0,0,50,0,5,0,0,5,0,0,0,0,0,0,0,0,0,0,0,0,0,0,0,0,0,0,0,0,0,0,0,0,30,0,0,0,0,0,0,0,0,0,0,0,0,5,0,20,0,0,0,0,0,0,0,0,0,0.5,0,0
"2022_TT_NW_TT8",2022,"TT",-37.02748,147.0278,2254,1574,"NW",914.8424467,-0.70709769,0.707115872,11.67156222,"TT8",0,0.5,0,15,0,0,0,0,0,0,0,0,0,0,0,0,0,0,1,1,0,0,5,0,0,0,0,0,10,0,0,0,5,0,0,0,0,0,0,0,0,0,0,0,0,0,0,0,0,0,0,70,0,5,0,0,0,10,0,0,0,0,0,0,0,0,0,0,0,0,0,0,0,0,0,0,0,0,0,0,0,20,0,0,0,0,0,0,0,0,0,0,0,0,1,0,5,0,0,0,0,0,0,0,0,0,1,0,0
"2022_TT_NW_TT9",2022,"TT",-37.02748,147.0278,2254,1574,"NW",914.8424467,-0.70709769,0.707115872,11.67156222,"TT9",0,1,0,10,0,1,0,0,0,0,0,0,0,0,0,0,0,0,5,1,0,0,5,0,5,0,0,0,20,0,0,0,0,0,0,0,0,0,10,0,0,0,0,0,0,0,0,0,0,0,0,15,0,10,0,0,0,0,0,0,0,0,0,0,0,0,0,0,0,0,0,0,0,0,0,0,0,0,0,0,0,10,0,0,0,0,0,0,0,0,5,0,0,0,5,0,0,0,0,0,0,0,0,0,0,0,1,0,0
"2022_TT_NW_TT10",2022,"TT",-37.02748,147.0278,2254,1574,"NW",914.8424467,-0.70709769,0.707115872,11.67156222,"TT10",0,0.5,0,15,0,5,0,0,0,0,0,0,0,0,0,0,0,0,1,5,0,0,5,0,0,0,0,1,25,0,0,0,0,0,0,0,0,0,0,0,0,0,0,0,0,0,0,0,0,0,0,10,0,10,0,0,0,0,0,0,0,0,0,0,1,0,0,0,0,0,0,0,0,0,0,0,0,0,0,0,0,15,0,0,0,0,0,0,0,0,5,0,0,0,10,0,15,0,0,0,0,0,0.5,0,0,0,1,0,0
"2022_TT_SW_TT11",2022,"TT",-37.02748,147.0278,2254,1574,"SW",894.4030922,-0.707113275,-0.707100288,7.830609913,"TT11",0,0.5,0,1,0,5,0,0,0,0,0,0,0,0,0,0,0,0,5,5,0,0,5,0,0,0,0,0,30,0,0,0,0,0,0,0,0,5,0,0,0,0,0,0,0,0,0,0,0,0,0,5,0,10,0,0,5,0,0,0,0,0,0,0,0,0,0,0,0,0,0,0,0,0,0,0,0,0,0,0,0,15,0,0,0,0,0,0,0,0,0,0,0,0,10,0,20,0,0,0,0,0,0,0,0,0,5,0,0
"2022_TT_SW_TT12",2022,"TT",-37.02748,147.0278,2254,1574,"SW",894.4030922,-0.707113275,-0.707100288,7.830609913,"TT12",0,1,0,25,0,10,0,0,0,0,1,0,0,0,0,0,0,0,0,0,0,0,10,0,15,0,0,0,0,0,0,0,0,0,0,0,0,0,0,0,0,0,0,0,0,0,0,0,1,0,0,0,0,10,0,0,40,0,0,0,1,0,5,0,0,0,0,0,0,0,0,0,0,1,0,0,0,0,0,0,0,15,0,0,0,0,0,0,0,0,0,0,0,0,0,0,0,0,0,0,0,0,0.5,0,0,0,0,0,0
"2022_TT_SW_TT13",2022,"TT",-37.02748,147.0278,2254,1574,"SW",894.4030922,-0.707113275,-0.707100288,7.830609913,"TT13",0,1,0,10,0,15,0,0,0,0,1,0,0,0,0,0,0,0,1,5,0,0,5,0,10,0,0,0,0,0,0,0,0,0,0,0,0,0,0,0,0,0,0,0,0,0,0,0,0,0,0,40,0,10,0,0,10,5,0,0,0,0,5,0,5,0,0,0,0,1,0,0,0,0,0,0,0,0,0,0,0,15,0,0,0,0,0,0,0,0,0,0,0,0,15,0,0,0,0,0,0,0,0.5,0,0,0,0,0,0
"2022_TT_SW_TT14",2022,"TT",-37.02748,147.0278,2254,1574,"SW",894.4030922,-0.707113275,-0.707100288,7.830609913,"TT14",0,1,0,20,0,10,0,0,0,0,1,0,0,0,0,0,0,0,0,0,0,0,5,0,0,0,0,0,5,0,0,0,10,0,0,0,0,0,0,0,0,0,0,0,0,0,0,0,5,0,0,10,0,10,0,0,20,10,0,0,1,1,0,0,0,0,0,0,0,1,0,0,0,5,0,0,0,0,0,0,0,20,0,0,0,0,0,0,0,0,0,0,0,0,15,0,10,0,0,0,0,0,1,0,0,0,0,0,0
"2022_TT_SW_TT15",2022,"TT",-37.02748,147.0278,2254,1574,"SW",894.4030922,-0.707113275,-0.707100288,7.830609913,"TT15",0,0.5,0,10,0,5,0,0,0,0,0,0,0,0,0,0,0,0,5,5,0,0,5,0,0,0,0,0.5,10,0,0,0,0,0,0,0,0,0,0,0,0,0,0,0,0,0,0,0,0,0,0,30,0,15,0,0,0,5,0,0,0,0,0,0,0,0,0,0,0,0,0,0,0,0,0,0,0,0,0,0,0,15,0,0,0,0,0,0,0,0,0,0,0,0,15,0,10,0,0,0,0,0,0,0,0,0,0.5,0,0
"2022_TT_SE_TT16",2022,"TT",-37.02748,147.0278,2254,1574,"SE",937.0196382,0.707102885,-0.707110677,6.920347746,"TT16",0,1,0,25,5,0,0,0,0,0,1,0,0,0,0,0,0,0,5,5,0,0,5,0,0,0,0,0,0,0,0,0,0,0,0,0,0,0,0,0,0,0,0,0,0,0,0,0,0,0,0,35,0,10,0,0,20,10,0,0,5,0,0,0,0,0,0,0,0,0,0,0,0,0,0,0,0,0,0,0,0,15,0,0,0,0,0,0,0,0,0,0,0,0,15,0,1,0,0,0,0,0,0.5,0,0,1,0,0,0
"2022_TT_SE_TT17",2022,"TT",-37.02748,147.0278,2254,1574,"SE",937.0196382,0.707102885,-0.707110677,6.920347746,"TT17",0,5,0,10,10,0,0,0,0,0,0,0,0,0,0,0,0,0,0,1,0,0,1,0,0,0,0,0,0,0,0,0,0,0,0,0,5,0,0,0,0,0,0,0,0,0,10,0,0,0,0,50,0,10,0,0,5,0,0,0,0,0,0,0,0,0,0,0,0,0,0,0,10,0,0,0,0,0,0,0,0,40,0,0,0,0,0,0,0,0,0,0,0,0,0,0,0,0,0,0,0,0,0,0,0,1,5,0,0
"2022_TT_SE_TT18",2022,"TT",-37.02748,147.0278,2254,1574,"SE",937.0196382,0.707102885,-0.707110677,6.920347746,"TT18",0,1,0,15,5,0,0,0,0,0,1,0,0,0,0,0,0,0,1,0,0,0,5,0,0,0,0,0,0,0,0,0,0,0,0,0,0,0,0,0,0,0,0,0,0,0,0,0,0,0,0,40,0,10,0,0,30,0,0,0,0,0,5,0,0,0,0,0,0,0,0,0,10,0,0,0,0,0,0,0,0,30,0,0,0,0,0,0,0,0,0,0,0,0,15,0,5,0,0,0,0,0,1,0,0,1,0,0,0
"2022_TT_SE_TT19",2022,"TT",-37.02748,147.0278,2254,1574,"SE",937.0196382,0.707102885,-0.707110677,6.920347746,"TT19",0,1,0,0,5,0,0,0,0,0,1,0,0,0,0,0,0,0,1,1,0,0,0,0,0,0,0,0,5,0,0,0,10,0,0,0,0,0,0,0,0,0,0,0,0,0,0,0,0,0,0,40,0,10,0,0,35,0,0,0,0,0,0,0,5,0,0,0,0,0,0,0,0,0,0,0,0,0,0,0,0,20,0,0,0,0,0,0,0,0,0,0,0,0,15,0,0,0,0,0,0,0,0,0,0,0,0,0,0
"2022_TT_SE_TT20",2022,"TT",-37.02748,147.0278,2254,1574,"SE",937.0196382,0.707102885,-0.707110677,6.920347746,"TT20",0,5,0,10,0,0,0,0,0,0,1,0,0,0,0,0,0,0,1,5,0,0,5,0,0.5,0,0,0,25,0,0,0,5,0,0,0,0,0,0,0,0,0,0,0,0,0,0,0,0,0,0,5,0,10,0,0,0,5,0,0,0,0,0,0,0,0,0,0,0,0,0,0,0,0,0,0,0,0,0,0,0,15,0,0,0,0,0,0,0,0,0,0,0,0,10,0,30,0,0,0,5,0,1,0,0,0,0,0,0
