"Code","Year","Site","Lat","Long","Elevation","Quadrat","Aspect","Degree.easting","Degree.northing","Average.slope","species_richness","hill_1","hill_2"
"2022_BF_E_BF16",2022,"BF",-37.23468301,146.48998,1710,"BF16","E",1,-3.67e-06,7.476557779,11,6.36574435911941,0.223773833004602
"2022_BF_E_BF17",2022,"BF",-37.23468301,146.48998,1710,"BF17","E",1,-3.67e-06,7.476557779,10,4.00564136318602,0.36744373488747
"2022_BF_E_BF18",2022,"BF",-37.23468301,146.48998,1710,"BF18","E",1,-3.67e-06,7.476557779,14,6.32908860887476,0.271167955581995
"2022_BF_E_BF19",2022,"BF",-37.23468301,146.48998,1710,"BF19","E",1,-3.67e-06,7.476557779,10,4.08687492987967,0.377044677734375
"2022_BF_E_BF20",2022,"BF",-37.23468301,146.48998,1710,"BF20","E",1,-3.67e-06,7.476557779,13,8.90619508318074,0.147944101048105
"2022_BF_N_BF1",2022,"BF",-37.23468301,146.48998,1710,"BF1","N",0,1,9.73247708,3,1.28095295265754,0.885229388602302
"2022_BF_N_BF2",2022,"BF",-37.23468301,146.48998,1710,"BF2","N",0,1,9.73247708,7,4.36438081934481,0.266812140448324
"2022_BF_N_BF3",2022,"BF",-37.23468301,146.48998,1710,"BF3","N",0,1,9.73247708,8,3.28191634537436,0.417684904844291
"2022_BF_N_BF4",2022,"BF",-37.23468301,146.48998,1710,"BF4","N",0,1,9.73247708,9,4.48870760479415,0.290488713565637
"2022_BF_N_BF5",2022,"BF",-37.23468301,146.48998,1710,"BF5","N",0,1,9.73247708,5,2.75253355431242,0.454774387033264
"2022_BF_S_BF11",2022,"BF",-37.23468301,146.48998,1710,"BF11","S",-7.35e-06,-1,11.45845131,11,6.17868667227894,0.221495574052054
"2022_BF_S_BF12",2022,"BF",-37.23468301,146.48998,1710,"BF12","S",-7.35e-06,-1,11.45845131,9,3.60582605486777,0.43292157426027
"2022_BF_S_BF13",2022,"BF",-37.23468301,146.48998,1710,"BF13","S",-7.35e-06,-1,11.45845131,12,5.80949018655242,0.225084791446733
"2022_BF_S_BF14",2022,"BF",-37.23468301,146.48998,1710,"BF14","S",-7.35e-06,-1,11.45845131,7,4.50998834790398,0.256950043297799
"2022_BF_S_BF15",2022,"BF",-37.23468301,146.48998,1710,"BF15","S",-7.35e-06,-1,11.45845131,11,5.93776242738581,0.237192836318201
"2022_BF_W_BF10",2022,"BF",-37.23468301,146.48998,1710,"BF10","W",-1,1.1e-05,13.71437061,9,4.43843962699983,0.298539751216874
"2022_BF_W_BF6",2022,"BF",-37.23468301,146.48998,1710,"BF6","W",-1,1.1e-05,13.71437061,5,3.05593276255848,0.389462442150231
"2022_BF_W_BF7",2022,"BF",-37.23468301,146.48998,1710,"BF7","W",-1,1.1e-05,13.71437061,12,6.27465074640054,0.215533005844598
"2022_BF_W_BF8",2022,"BF",-37.23468301,146.48998,1710,"BF8","W",-1,1.1e-05,13.71437061,12,5.9188465542347,0.221470220741358
"2022_BF_W_BF9",2022,"BF",-37.23468301,146.48998,1710,"BF9","W",-1,1.1e-05,13.71437061,12,5.72346969786926,0.258897507102046
"2022_F_E_F11",2022,"F",-36.89413201,147.139063,1850,"F11","E",1,-3.67e-06,18.50392435,9,6.16674915227516,0.215976331360947
"2022_F_E_F12",2022,"F",-36.89413201,147.139063,1850,"F12","E",1,-3.67e-06,18.50392435,8,5.41788039557319,0.251417769376181
"2022_F_E_F13",2022,"F",-36.89413201,147.139063,1850,"F13","E",1,-3.67e-06,18.50392435,11,8.30707170650354,0.144713421146315
"2022_F_E_F14",2022,"F",-36.89413201,147.139063,1850,"F14","E",1,-3.67e-06,18.50392435,13,10.9144185531971,0.102520319650297
"2022_F_E_F15",2022,"F",-36.89413201,147.139063,1850,"F15","E",1,-3.67e-06,18.50392435,13,8.25283302678733,0.1968
"2022_F_N_F10",2022,"F",-36.89413201,147.139063,1850,"F10","N",0,1,15.69513405,11,7.62623342030496,0.166306228373702
"2022_F_N_F6",2022,"F",-36.89413201,147.139063,1850,"F6","N",0,1,15.69513405,14,9.29348784869913,0.134627610152086
"2022_F_N_F7",2022,"F",-36.89413201,147.139063,1850,"F7","N",0,1,15.69513405,10,7.14705834457016,0.169143876337693
"2022_F_N_F8",2022,"F",-36.89413201,147.139063,1850,"F8","N",0,1,15.69513405,10,4.22086117079562,0.393250688705234
"2022_F_N_F9",2022,"F",-36.89413201,147.139063,1850,"F9","N",0,1,15.69513405,10,7.49177606200147,0.174515235457064
"2022_F_S_F16",2022,"F",-36.89413201,147.139063,1850,"F16","S",-7.35e-06,-1,18.0216822,16,11.2824343954842,0.110577655845146
"2022_F_S_F17",2022,"F",-36.89413201,147.139063,1850,"F17","S",-7.35e-06,-1,18.0216822,16,10.8308206269829,0.121714059585053
"2022_F_S_F18",2022,"F",-36.89413201,147.139063,1850,"F18","S",-7.35e-06,-1,18.0216822,11,9.18531414987958,0.125692520775623
"2022_F_S_F19",2022,"F",-36.89413201,147.139063,1850,"F19","S",-7.35e-06,-1,18.0216822,13,9.72243179885286,0.130102040816327
"2022_F_S_F20",2022,"F",-36.89413201,147.139063,1850,"F20","S",-7.35e-06,-1,18.0216822,12,7.81841683903905,0.177143929442672
"2022_F_W_F1",2022,"F",-36.89413201,147.139063,1850,"F1","W",-1,1.1e-05,15.2128919,14,9.57332974730042,0.126327335527083
"2022_F_W_F2",2022,"F",-36.89413201,147.139063,1850,"F2","W",-1,1.1e-05,15.2128919,13,9.25710250565913,0.138074276148552
"2022_F_W_F3",2022,"F",-36.89413201,147.139063,1850,"F3","W",-1,1.1e-05,15.2128919,17,12.6591719306679,0.0897073994717092
"2022_F_W_F4",2022,"F",-36.89413201,147.139063,1850,"F4","W",-1,1.1e-05,15.2128919,15,7.85841207370109,0.186591052299937
"2022_F_W_F5",2022,"F",-36.89413201,147.139063,1850,"F5","W",-1,1.1e-05,15.2128919,16,12.2972206780715,0.0977741955483911
"2022_H_NE_H16",2022,"H",-36.97450601,147.132274,1900,"H16","NE",0.70710808,0.707105483,5.710593137,12,6.05866636700433,0.210292837301862
"2022_H_NE_H17",2022,"H",-36.97450601,147.132274,1900,"H17","NE",0.70710808,0.707105483,5.710593137,18,12.9503655630345,0.0960076673937471
"2022_H_NE_H18",2022,"H",-36.97450601,147.132274,1900,"H18","NE",0.70710808,0.707105483,5.710593137,9,2.27150185056192,0.646952479338843
"2022_H_NE_H19",2022,"H",-36.97450601,147.132274,1900,"H19","NE",0.70710808,0.707105483,5.710593137,17,9.03633052200908,0.164395169832639
"2022_H_NE_H20",2022,"H",-36.97450601,147.132274,1900,"H20","NE",0.70710808,0.707105483,5.710593137,11,5.37680340790287,0.252736388673116
"2022_H_NW_H1",2022,"H",-36.97450601,147.132274,1900,"H1","NW",-0.70709769,0.707115872,5.710593137,13,4.31816705437969,0.358656
"2022_H_NW_H2",2022,"H",-36.97450601,147.132274,1900,"H2","NW",-0.70709769,0.707115872,5.710593137,8,2.88082139857245,0.495098501272505
"2022_H_NW_H3",2022,"H",-36.97450601,147.132274,1900,"H3","NW",-0.70709769,0.707115872,5.710593137,17,8.4588529741579,0.146202751403839
"2022_H_NW_H4",2022,"H",-36.97450601,147.132274,1900,"H4","NW",-0.70709769,0.707115872,5.710593137,13,5.2865985536884,0.311609762494058
"2022_H_NW_H5",2022,"H",-36.97450601,147.132274,1900,"H5","NW",-0.70709769,0.707115872,5.710593137,19,9.50926235599081,0.160184346528851
"2022_H_SE_H11",2022,"H",-36.97450601,147.132274,1900,"H11","SE",0.707102885,-0.707110677,5.710593137,13,5.40446650639488,0.300287618699781
"2022_H_SE_H12",2022,"H",-36.97450601,147.132274,1900,"H12","SE",0.707102885,-0.707110677,5.710593137,11,4.69346686283644,0.330090679522498
"2022_H_SE_H13",2022,"H",-36.97450601,147.132274,1900,"H13","SE",0.707102885,-0.707110677,5.710593137,12,5.86392775515667,0.221351456815817
"2022_H_SE_H14",2022,"H",-36.97450601,147.132274,1900,"H14","SE",0.707102885,-0.707110677,5.710593137,9,4.72902226199463,0.344
"2022_H_SE_H15",2022,"H",-36.97450601,147.132274,1900,"H15","SE",0.707102885,-0.707110677,5.710593137,10,5.06240971820345,0.254736544443397
"2022_H_SW_H10",2022,"H",-36.97450601,147.132274,1900,"H10","SW",-0.707113275,-0.707100288,5.710593137,13,6.84134737070664,0.195943300180124
"2022_H_SW_H6",2022,"H",-36.97450601,147.132274,1900,"H6","SW",-0.707113275,-0.707100288,5.710593137,8,4.71610736758359,0.28133608815427
"2022_H_SW_H7",2022,"H",-36.97450601,147.132274,1900,"H7","SW",-0.707113275,-0.707100288,5.710593137,5,3.46439269495225,0.324100150457158
"2022_H_SW_H8",2022,"H",-36.97450601,147.132274,1900,"H8","SW",-0.707113275,-0.707100288,5.710593137,6,2.48846821016585,0.547885723561399
"2022_H_SW_H9",2022,"H",-36.97450601,147.132274,1900,"H9","SW",-0.707113275,-0.707100288,5.710593137,13,6.49934516839288,0.198390358833219
"2022_KB_NE_KB10",2022,"KB",-37.20246601,146.600757,1690,"KB10","NE",0.70710808,0.707105483,10.22707799,7,2.49467819391354,0.584229390681004
"2022_KB_NE_KB6",2022,"KB",-37.20246601,146.600757,1690,"KB6","NE",0.70710808,0.707105483,10.22707799,8,5.22366140662975,0.231374216176002
"2022_KB_NE_KB7",2022,"KB",-37.20246601,146.600757,1690,"KB7","NE",0.70710808,0.707105483,10.22707799,9,6.54746594725296,0.187282986111111
"2022_KB_NE_KB8",2022,"KB",-37.20246601,146.600757,1690,"KB8","NE",0.70710808,0.707105483,10.22707799,12,6.8050723701496,0.251512993948024
"2022_KB_NE_KB9",2022,"KB",-37.20246601,146.600757,1690,"KB9","NE",0.70710808,0.707105483,10.22707799,11,7.29018614960099,0.169950042416816
"2022_KB_NW_KB1",2022,"KB",-37.20246601,146.600757,1690,"KB1","NW",-0.70709769,0.707115872,7.163120661,7,5.77780874819592,0.193415637860082
"2022_KB_NW_KB2",2022,"KB",-37.20246601,146.600757,1690,"KB2","NW",-0.70709769,0.707115872,7.163120661,12,8.27360863415221,0.153284671532847
"2022_KB_NW_KB3",2022,"KB",-37.20246601,146.600757,1690,"KB3","NW",-0.70709769,0.707115872,7.163120661,13,7.87669697408178,0.177966101694915
"2022_KB_NW_KB4",2022,"KB",-37.20246601,146.600757,1690,"KB4","NW",-0.70709769,0.707115872,7.163120661,9,6.2757208468778,0.181537221177103
"2022_KB_NW_KB5",2022,"KB",-37.20246601,146.600757,1690,"KB5","NW",-0.70709769,0.707115872,7.163120661,10,3.78307324216517,0.399238227146814
"2022_KB_SE_KB11",2022,"KB",-37.20246601,146.600757,1690,"KB11","SE",0.707102885,-0.707110677,10.68803873,9,4.61483226014404,0.340891912320484
"2022_KB_SE_KB12",2022,"KB",-37.20246601,146.600757,1690,"KB12","SE",0.707102885,-0.707110677,10.68803873,11,8.98225338118768,0.134349030470914
"2022_KB_SE_KB13",2022,"KB",-37.20246601,146.600757,1690,"KB13","SE",0.707102885,-0.707110677,10.68803873,10,5.98208861407146,0.242438563327032
"2022_KB_SE_KB14",2022,"KB",-37.20246601,146.600757,1690,"KB14","SE",0.707102885,-0.707110677,10.68803873,12,8.29822499769109,0.151626275510204
"2022_KB_SE_KB15",2022,"KB",-37.20246601,146.600757,1690,"KB15","SE",0.707102885,-0.707110677,10.68803873,8,5.401763476267,0.211505190311419
"2022_KB_SW_KB16",2022,"KB",-37.20246601,146.600757,1690,"KB16","SW",-0.707113275,-0.707100288,7.6240814,11,5.41649582451058,0.254944869960441
"2022_KB_SW_KB17",2022,"KB",-37.20246601,146.600757,1690,"KB17","SW",-0.707113275,-0.707100288,7.6240814,10,5.91836082476395,0.254591095256969
"2022_KB_SW_KB18",2022,"KB",-37.20246601,146.600757,1690,"KB18","SW",-0.707113275,-0.707100288,7.6240814,11,7.82469228553861,0.171789278868398
"2022_KB_SW_KB19",2022,"KB",-37.20246601,146.600757,1690,"KB19","SW",-0.707113275,-0.707100288,7.6240814,8,4.11373646939783,0.346212995001922
"2022_KB_SW_KB20",2022,"KB",-37.20246601,146.600757,1690,"KB20","SW",-0.707113275,-0.707100288,7.6240814,11,7.36914613656307,0.177457466918715
"2022_LSK_NE_KSK16",2022,"LSK",-36.82634301,147.281539,1670,"KSK16","NE",0.70710808,0.707105483,12.88055929,5,3.76462354496827,0.298611111111111
"2022_LSK_NE_LSK17",2022,"LSK",-36.82634301,147.281539,1670,"LSK17","NE",0.70710808,0.707105483,12.88055929,4,2.67269615442102,0.486111111111111
"2022_LSK_NE_LSK18",2022,"LSK",-36.82634301,147.281539,1670,"LSK18","NE",0.70710808,0.707105483,12.88055929,3,3,0.333333333333333
"2022_LSK_NE_LSK19",2022,"LSK",-36.82634301,147.281539,1670,"LSK19","NE",0.70710808,0.707105483,12.88055929,9,4.20632089386814,0.334857196719766
"2022_LSK_NE_LSK20",2022,"LSK",-36.82634301,147.281539,1670,"LSK20","NE",0.70710808,0.707105483,12.88055929,5,3.10472671590151,0.351733775875622
"2022_LSK_NW_LSK1",2022,"LSK",-36.82634301,147.281539,1670,"LSK1","NW",-0.70709769,0.707115872,12.15794473,8,5.06473664331784,0.231074462148924
"2022_LSK_NW_LSK2",2022,"LSK",-36.82634301,147.281539,1670,"LSK2","NW",-0.70709769,0.707115872,12.15794473,7,5.8577259919198,0.206611570247934
"2022_LSK_NW_LSK3",2022,"LSK",-36.82634301,147.281539,1670,"LSK3","NW",-0.70709769,0.707115872,12.15794473,3,2.82842712474619,0.375
"2022_LSK_NW_LSK4",2022,"LSK",-36.82634301,147.281539,1670,"LSK4","NW",-0.70709769,0.707115872,12.15794473,3,1.53088875019617,0.796296296296296
"2022_LSK_NW_LSK5",2022,"LSK",-36.82634301,147.281539,1670,"LSK5","NW",-0.70709769,0.707115872,12.15794473,6,3.95034923919622,0.292096730278953
"2022_LSK_SE_LSK11",2022,"LSK",-36.82634301,147.281539,1670,"LSK11","SE",0.707102885,-0.707110677,9.97689961,9,6.90345430428482,0.164783268679373
"2022_LSK_SE_LSK12",2022,"LSK",-36.82634301,147.281539,1670,"LSK12","SE",0.707102885,-0.707110677,9.97689961,10,3.62570101612742,0.35626102292769
"2022_LSK_SE_LSK13",2022,"LSK",-36.82634301,147.281539,1670,"LSK13","SE",0.707102885,-0.707110677,9.97689961,11,4.79601665913496,0.333945342843019
"2022_LSK_SE_LSK14",2022,"LSK",-36.82634301,147.281539,1670,"LSK14","SE",0.707102885,-0.707110677,9.97689961,10,5.82791586908214,0.193243429638511
"2022_LSK_SE_LSK15",2022,"LSK",-36.82634301,147.281539,1670,"LSK15","SE",0.707102885,-0.707110677,9.97689961,9,3.48164047659514,0.397464868300261
"2022_LSK_SW_LSK10",2022,"LSK",-36.82634301,147.281539,1670,"LSK10","SW",-0.707113275,-0.707100288,9.254285043,13,6.10829994475883,0.237965897087672
"2022_LSK_SW_LSK6",2022,"LSK",-36.82634301,147.281539,1670,"LSK6","SW",-0.707113275,-0.707100288,9.254285043,13,6.20128865133695,0.230712111086359
"2022_LSK_SW_LSK7",2022,"LSK",-36.82634301,147.281539,1670,"LSK7","SW",-0.707113275,-0.707100288,9.254285043,13,6.40339847911613,0.226827739197531
"2022_LSK_SW_LSK8",2022,"LSK",-36.82634301,147.281539,1670,"LSK8","SW",-0.707113275,-0.707100288,9.254285043,9,4.25757479060076,0.317338162064283
"2022_LSK_SW_LSK9",2022,"LSK",-36.82634301,147.281539,1670,"LSK9","SW",-0.707113275,-0.707100288,9.254285043,15,9.3012298160511,0.138687446511418
"2022_MBo_NE_MBo10",2022,"MBo",-36.73287501,147.30579,1950,"MBo10","NE",0.70710808,0.707105483,5.710593137,10,5.3443708125996,0.246926149267758
"2022_MBo_NE_MBo6",2022,"MBo",-36.73287501,147.30579,1950,"MBo6","NE",0.70710808,0.707105483,5.710593137,7,3.96256959680591,0.358650416171225
"2022_MBo_NE_MBo7",2022,"MBo",-36.73287501,147.30579,1950,"MBo7","NE",0.70710808,0.707105483,5.710593137,10,5.78686949100805,0.238645525396399
"2022_MBo_NE_MBo8",2022,"MBo",-36.73287501,147.30579,1950,"MBo8","NE",0.70710808,0.707105483,5.710593137,6,3.22000218092289,0.425062299750801
"2022_MBo_NE_MBo9",2022,"MBo",-36.73287501,147.30579,1950,"MBo9","NE",0.70710808,0.707105483,5.710593137,9,6.66661434199646,0.186682520808561
"2022_MBo_NW_MBo1",2022,"MBo",-36.73287501,147.30579,1950,"MBo1","NW",-0.70709769,0.707115872,5.710593137,7,3.52313227156022,0.401937618147448
"2022_MBo_NW_MBo2",2022,"MBo",-36.73287501,147.30579,1950,"MBo2","NW",-0.70709769,0.707115872,5.710593137,8,4.4539870185927,0.30587978354243
"2022_MBo_NW_MBo3",2022,"MBo",-36.73287501,147.30579,1950,"MBo3","NW",-0.70709769,0.707115872,5.710593137,12,7.12484587377345,0.190774381548763
"2022_MBo_NW_MBo4",2022,"MBo",-36.73287501,147.30579,1950,"MBo4","NW",-0.70709769,0.707115872,5.710593137,9,5.17996205188743,0.255442085460898
"2022_MBo_NW_MBo5",2022,"MBo",-36.73287501,147.30579,1950,"MBo5","NW",-0.70709769,0.707115872,5.710593137,8,3.27442579150291,0.492419738406659
"2022_MBo_SE_MBo16",2022,"MBo",-36.73287501,147.30579,1950,"MBo16","SE",0.707102885,-0.707110677,5.710593137,3,2.35607654530087,0.457063711911357
"2022_MBo_SE_MBo17",2022,"MBo",-36.73287501,147.30579,1950,"MBo17","SE",0.707102885,-0.707110677,5.710593137,10,4.9073426581373,0.310458735148383
"2022_MBo_SE_MBo18",2022,"MBo",-36.73287501,147.30579,1950,"MBo18","SE",0.707102885,-0.707110677,5.710593137,7,3.00437020965638,0.49900911613159
"2022_MBo_SE_MBo19",2022,"MBo",-36.73287501,147.30579,1950,"MBo19","SE",0.707102885,-0.707110677,5.710593137,7,3.96056675254993,0.362762548949804
"2022_MBo_SE_MBo20",2022,"MBo",-36.73287501,147.30579,1950,"MBo20","SE",0.707102885,-0.707110677,5.710593137,6,3.12081093081818,0.442415388361334
"2022_MBo_SW_MBo11",2022,"MBo",-36.73287501,147.30579,1950,"MBo11","SW",-0.707113275,-0.707100288,5.710593137,5,2.74494957961634,0.515
"2022_MBo_SW_MBo12",2022,"MBo",-36.73287501,147.30579,1950,"MBo12","SW",-0.707113275,-0.707100288,5.710593137,6,2.83074447632806,0.473797366299382
"2022_MBo_SW_MBo13",2022,"MBo",-36.73287501,147.30579,1950,"MBo13","SW",-0.707113275,-0.707100288,5.710593137,5,2.88816588286949,0.377170138888889
"2022_MBo_SW_MBo14",2022,"MBo",-36.73287501,147.30579,1950,"MBo14","SW",-0.707113275,-0.707100288,5.710593137,5,3.25968172926602,0.366319444444445
"2022_MBo_SW_MBo15",2022,"MBo",-36.73287501,147.30579,1950,"MBo15","SW",-0.707113275,-0.707100288,5.710593137,5,2.83006220898949,0.416162335350659
"2022_MBu_NE_MBu11",2022,"MBu",-37.14502101,146.425278,1805,"MBu11","NE",0.70710808,0.707105483,16.04879374,10,6.08405439156228,0.199556786703601
"2022_MBu_NE_MBu12",2022,"MBu",-37.14502101,146.425278,1805,"MBu12","NE",0.70710808,0.707105483,16.04879374,6,3.81220412412656,0.320130419031518
"2022_MBu_NE_MBu13",2022,"MBu",-37.14502101,146.425278,1805,"MBu13","NE",0.70710808,0.707105483,16.04879374,8,4.42810449319867,0.320451843043995
"2022_MBu_NE_MBu14",2022,"MBu",-37.14502101,146.425278,1805,"MBu14","NE",0.70710808,0.707105483,16.04879374,4,2.10113517843941,0.531899810964083
"2022_MBu_NE_MBu15",2022,"MBu",-37.14502101,146.425278,1805,"MBu15","NE",0.70710808,0.707105483,16.04879374,6,4.1550633206309,0.283838841104572
"2022_MBu_NW_MBu10",2022,"MBu",-37.14502101,146.425278,1805,"MBu10","NW",-0.70709769,0.707115872,15.56655159,7,3.02789400147523,0.469648004192506
"2022_MBu_NW_MBu6",2022,"MBu",-37.14502101,146.425278,1805,"MBu6","NW",-0.70709769,0.707115872,15.56655159,11,5.92514405296254,0.250751156995372
"2022_MBu_NW_MBu7",2022,"MBu",-37.14502101,146.425278,1805,"MBu7","NW",-0.70709769,0.707115872,15.56655159,8,3.89260750280814,0.385272491349481
"2022_MBu_NW_MBu8",2022,"MBu",-37.14502101,146.425278,1805,"MBu8","NW",-0.70709769,0.707115872,15.56655159,9,2.46606358595991,0.593450281889445
"2022_MBu_NW_MBu9",2022,"MBu",-37.14502101,146.425278,1805,"MBu9","NW",-0.70709769,0.707115872,15.56655159,12,6.54687859746416,0.201873048907388
"2022_MBu_SE_MBu16",2022,"MBu",-37.14502101,146.425278,1805,"MBu16","SE",0.707102885,-0.707110677,16.43906782,6,4.94815466539835,0.226666666666667
"2022_MBu_SE_MBu17",2022,"MBu",-37.14502101,146.425278,1805,"MBu17","SE",0.707102885,-0.707110677,16.43906782,10,5.60165560230999,0.218101320946436
"2022_MBu_SE_MBu18",2022,"MBu",-37.14502101,146.425278,1805,"MBu18","SE",0.707102885,-0.707110677,16.43906782,7,3.6090840687319,0.348283558295249
"2022_MBu_SE_MBu19",2022,"MBu",-37.14502101,146.425278,1805,"MBu19","SE",0.707102885,-0.707110677,16.43906782,12,7.4168453184766,0.173719505145103
"2022_MBu_SE_MBu20",2022,"MBu",-37.14502101,146.425278,1805,"MBu20","SE",0.707102885,-0.707110677,16.43906782,7,4.27228255195178,0.305175490779298
"2022_MBu_SW_MBu1",2022,"MBu",-37.14502101,146.425278,1805,"MBu1","SW",-0.707113275,-0.707100288,15.95682567,10,6.29310209325377,0.222959005610889
"2022_MBu_SW_MBu2",2022,"MBu",-37.14502101,146.425278,1805,"MBu2","SW",-0.707113275,-0.707100288,15.95682567,9,4.85917325123044,0.28597540970801
"2022_MBu_SW_MBu3",2022,"MBu",-37.14502101,146.425278,1805,"MBu3","SW",-0.707113275,-0.707100288,15.95682567,11,6.17757186788953,0.225174684224671
"2022_MBu_SW_MBu4",2022,"MBu",-37.14502101,146.425278,1805,"MBu4","SW",-0.707113275,-0.707100288,15.95682567,12,6.18451419544224,0.231674382716049
"2022_MBu_SW_MBu5",2022,"MBu",-37.14502101,146.425278,1805,"MBu5","SW",-0.707113275,-0.707100288,15.95682567,11,5.19248756875451,0.25399102591496
"2022_MF_NE_MF16",2022,"MF",-36.829469,147.319257,1870,"MF16","NE",0.70710808,0.707105483,5.710593137,18,13.3905054535627,0.0840147986733875
"2022_MF_NE_MF17",2022,"MF",-36.829469,147.319257,1870,"MF17","NE",0.70710808,0.707105483,5.710593137,15,7.27884126494005,0.196150822478082
"2022_MF_NE_MF18",2022,"MF",-36.829469,147.319257,1870,"MF18","NE",0.70710808,0.707105483,5.710593137,20,11.7417505465683,0.110883292204964
"2022_MF_NE_MF19",2022,"MF",-36.829469,147.319257,1870,"MF19","NE",0.70710808,0.707105483,5.710593137,23,13.686248131031,0.0973671062393072
"2022_MF_NE_MF20",2022,"MF",-36.829469,147.319257,1870,"MF20","NE",0.70710808,0.707105483,5.710593137,19,10.8992120306493,0.113858574384356
"2022_MF_NW_MF1",2022,"MF",-36.829469,147.319257,1870,"MF1","NW",-0.70709769,0.707115872,5.710593137,16,6.26334070855703,0.216271897514016
"2022_MF_NW_MF2",2022,"MF",-36.829469,147.319257,1870,"MF2","NW",-0.70709769,0.707115872,5.710593137,16,9.40227906421509,0.160882039890786
"2022_MF_NW_MF3",2022,"MF",-36.829469,147.319257,1870,"MF3","NW",-0.70709769,0.707115872,5.710593137,14,6.20927225593546,0.24716049382716
"2022_MF_NW_MF4",2022,"MF",-36.829469,147.319257,1870,"MF4","NW",-0.70709769,0.707115872,5.710593137,16,11.5116325549741,0.114916738754325
"2022_MF_NW_MF5",2022,"MF",-36.829469,147.319257,1870,"MF5","NW",-0.70709769,0.707115872,5.710593137,14,6.0074310226591,0.301807929977544
"2022_MF_SE_MF11",2022,"MF",-36.829469,147.319257,1870,"MF11","SE",0.707102885,-0.707110677,5.710593137,15,7.94697927737294,0.160300925925926
"2022_MF_SE_MF12",2022,"MF",-36.829469,147.319257,1870,"MF12","SE",0.707102885,-0.707110677,5.710593137,19,10.1994969643877,0.147750055691691
"2022_MF_SE_MF13",2022,"MF",-36.829469,147.319257,1870,"MF13","SE",0.707102885,-0.707110677,5.710593137,12,3.62658299589599,0.409111177170036
"2022_MF_SE_MF14",2022,"MF",-36.829469,147.319257,1870,"MF14","SE",0.707102885,-0.707110677,5.710593137,22,9.43158873073832,0.161563558017852
"2022_MF_SE_MF15",2022,"MF",-36.829469,147.319257,1870,"MF15","SE",0.707102885,-0.707110677,5.710593137,25,18.1160580264024,0.0659750972519489
"2022_MF_SW_MF10",2022,"MF",-36.829469,147.319257,1870,"MF10","SW",-0.707113275,-0.707100288,5.710593137,16,5.8142137214393,0.254581959512977
"2022_MF_SW_MF6",2022,"MF",-36.829469,147.319257,1870,"MF6","SW",-0.707113275,-0.707100288,5.710593137,13,4.58725741522822,0.369653892613925
"2022_MF_SW_MF7",2022,"MF",-36.829469,147.319257,1870,"MF7","SW",-0.707113275,-0.707100288,5.710593137,18,9.14130347917612,0.15820711450264
"2022_MF_SW_MF8",2022,"MF",-36.829469,147.319257,1870,"MF8","SW",-0.707113275,-0.707100288,5.710593137,12,4.77619618725271,0.263890285346578
"2022_MF_SW_MF9",2022,"MF",-36.829469,147.319257,1870,"MF9","SW",-0.707113275,-0.707100288,5.710593137,13,5.48315227720001,0.266493055555556
"2022_MHW_NE_MHW16",2022,"MHW",-37.17599001,146.641849,1720,"MHW16","NE",0.70710808,0.707105483,13.25818584,7,4.74234933723859,0.255962976148095
"2022_MHW_NE_MHW17",2022,"MHW",-37.17599001,146.641849,1720,"MHW17","NE",0.70710808,0.707105483,13.25818584,10,7.42933631001291,0.171467764060357
"2022_MHW_NE_MHW18",2022,"MHW",-37.17599001,146.641849,1720,"MHW18","NE",0.70710808,0.707105483,13.25818584,7,5.54298847697531,0.22189349112426
"2022_MHW_NE_MHW19",2022,"MHW",-37.17599001,146.641849,1720,"MHW19","NE",0.70710808,0.707105483,13.25818584,9,5.07227590166659,0.319526627218935
"2022_MHW_NE_MHW20",2022,"MHW",-37.17599001,146.641849,1720,"MHW20","NE",0.70710808,0.707105483,13.25818584,6,3.86056127169637,0.323251417769376
"2022_MHW_NW_MHW1",2022,"MHW",-37.17599001,146.641849,1720,"MHW1","NW",-0.70709769,0.707115872,15.69513405,6,3.21787768004822,0.380945303210464
"2022_MHW_NW_MHW2",2022,"MHW",-37.17599001,146.641849,1720,"MHW2","NW",-0.70709769,0.707115872,15.69513405,5,3.08125192160231,0.428994082840237
"2022_MHW_NW_MHW3",2022,"MHW",-37.17599001,146.641849,1720,"MHW3","NW",-0.70709769,0.707115872,15.69513405,13,9.6700423169141,0.127788228970707
"2022_MHW_NW_MHW4",2022,"MHW",-37.17599001,146.641849,1720,"MHW4","NW",-0.70709769,0.707115872,15.69513405,8,4.10379761169898,0.342952806122449
"2022_MHW_NW_MHW5",2022,"MHW",-37.17599001,146.641849,1720,"MHW5","NW",-0.70709769,0.707115872,15.69513405,9,5.7315095648007,0.224874449748899
"2022_MHW_SE_MHW11",2022,"MHW",-37.17599001,146.641849,1720,"MHW11","SE",0.707102885,-0.707110677,10.98330656,13,7.18494564885413,0.207795035563942
"2022_MHW_SE_MHW12",2022,"MHW",-37.17599001,146.641849,1720,"MHW12","SE",0.707102885,-0.707110677,10.98330656,10,5.75209836016231,0.259367169745353
"2022_MHW_SE_MHW13",2022,"MHW",-37.17599001,146.641849,1720,"MHW13","SE",0.707102885,-0.707110677,10.98330656,10,6.93000530783475,0.182043716328298
"2022_MHW_SE_MHW14",2022,"MHW",-37.17599001,146.641849,1720,"MHW14","SE",0.707102885,-0.707110677,10.98330656,13,8.49167186582714,0.186390532544379
"2022_MHW_SE_MHW15",2022,"MHW",-37.17599001,146.641849,1720,"MHW15","SE",0.707102885,-0.707110677,10.98330656,7,5.68586601302565,0.201183431952663
"2022_MHW_SW_MHW10",2022,"MHW",-37.17599001,146.641849,1720,"MHW10","SW",-0.707113275,-0.707100288,13.42025477,9,4.88114444254593,0.264118457300275
"2022_MHW_SW_MHW6",2022,"MHW",-37.17599001,146.641849,1720,"MHW6","SW",-0.707113275,-0.707100288,13.42025477,12,8.60969940372581,0.145737427888818
"2022_MHW_SW_MHW7",2022,"MHW",-37.17599001,146.641849,1720,"MHW7","SW",-0.707113275,-0.707100288,13.42025477,5,2.59165306199996,0.452767868939094
"2022_MHW_SW_MHW8",2022,"MHW",-37.17599001,146.641849,1720,"MHW8","SW",-0.707113275,-0.707100288,13.42025477,12,7.0333192023321,0.202863613120023
"2022_MHW_SW_MHW9",2022,"MHW",-37.17599001,146.641849,1720,"MHW9","SW",-0.707113275,-0.707100288,13.42025477,10,5.98370363176816,0.218489653319
"2022_MH_E_MH10",2022,"MH",-37.17425401,146.650585,1740,"MH10","E",1,-3.67e-06,9.396344879,15,8.26941495367618,0.173036882807852
"2022_MH_E_MH6",2022,"MH",-37.17425401,146.650585,1740,"MH6","E",1,-3.67e-06,9.396344879,12,7.67956286432834,0.184180896978795
"2022_MH_E_MH7",2022,"MH",-37.17425401,146.650585,1740,"MH7","E",1,-3.67e-06,9.396344879,13,7.3420908963536,0.211809894025637
"2022_MH_E_MH8",2022,"MH",-37.17425401,146.650585,1740,"MH8","E",1,-3.67e-06,9.396344879,18,10.3542277798485,0.144623185699826
"2022_MH_E_MH9",2022,"MH",-37.17425401,146.650585,1740,"MH9","E",1,-3.67e-06,9.396344879,12,5.61305126855824,0.292900651123713
"2022_MH_N_MH1",2022,"MH",-37.17425401,146.650585,1740,"MH1","N",0,1,14.66023794,11,7.33849990868377,0.173652202498356
"2022_MH_N_MH2",2022,"MH",-37.17425401,146.650585,1740,"MH2","N",0,1,14.66023794,8,4.57126990864931,0.317377731529657
"2022_MH_N_MH3",2022,"MH",-37.17425401,146.650585,1740,"MH3","N",0,1,14.66023794,9,5.19576080134129,0.259026687598116
"2022_MH_N_MH4",2022,"MH",-37.17425401,146.650585,1740,"MH4","N",0,1,14.66023794,8,5.56235621334562,0.221165279429251
"2022_MH_N_MH5",2022,"MH",-37.17425401,146.650585,1740,"MH5","N",0,1,14.66023794,17,12.8563080756338,0.0930232558139535
"2022_MH_S_MH11",2022,"MH",-37.17425401,146.650585,1740,"MH11","S",-7.35e-06,-1,6.80887792,13,NA,NA
"2022_MH_S_MH12",2022,"MH",-37.17425401,146.650585,1740,"MH12","S",-7.35e-06,-1,6.80887792,10,6.82557166912326,0.193089279968318
"2022_MH_S_MH13",2022,"MH",-37.17425401,146.650585,1740,"MH13","S",-7.35e-06,-1,6.80887792,15,9.73613244431632,0.149174408698122
"2022_MH_S_MH14",2022,"MH",-37.17425401,146.650585,1740,"MH14","S",-7.35e-06,-1,6.80887792,10,6.51560703175574,0.212753826586553
"2022_MH_S_MH15",2022,"MH",-37.17425401,146.650585,1740,"MH15","S",-7.35e-06,-1,6.80887792,12,8.68807555278284,0.148433177405563
"2022_MH_W_MH16",2022,"MH",-37.17425401,146.650585,1740,"MH16","W",-1,1.1e-05,12.07277098,13,11.0822239507098,0.104166666666667
"2022_MH_W_MH17",2022,"MH",-37.17425401,146.650585,1740,"MH17","W",-1,1.1e-05,12.07277098,10,6.75,0.198902606310014
"2022_MH_W_MH18",2022,"MH",-37.17425401,146.650585,1740,"MH18","W",-1,1.1e-05,12.07277098,12,7.95933427024898,0.171705719324767
"2022_MH_W_MH19",2022,"MH",-37.17425401,146.650585,1740,"MH19","W",-1,1.1e-05,12.07277098,6,4.41576793628993,0.274238227146814
"2022_MH_W_MH20",2022,"MH",-37.17425401,146.650585,1740,"MH20","W",-1,1.1e-05,12.07277098,6,4.47847953534352,0.259876482697775
"2022_MM_NE_MM11",2022,"MM",-37.189701,146.6212,1730,"MM11","NE",0.70710808,0.707105483,10.22707799,10,7.00594491802817,0.17609778180172
"2022_MM_NE_MM12",2022,"MM",-37.189701,146.6212,1730,"MM12","NE",0.70710808,0.707105483,10.22707799,9,6.23126032597474,0.215976331360947
"2022_MM_NE_MM13",2022,"MM",-37.189701,146.6212,1730,"MM13","NE",0.70710808,0.707105483,10.22707799,11,6.40496311286298,0.211162015826739
"2022_MM_NE_MM14",2022,"MM",-37.189701,146.6212,1730,"MM14","NE",0.70710808,0.707105483,10.22707799,13,9.22738432267698,0.130760600812556
"2022_MM_NE_MM15",2022,"MM",-37.189701,146.6212,1730,"MM15","NE",0.70710808,0.707105483,10.22707799,8,5.43928182336063,0.23139355571788
"2022_MM_NW_MM10",2022,"MM",-37.189701,146.6212,1730,"MM10","NW",-0.70709769,0.707115872,12.81454495,9,7.13524269001633,0.177083333333333
"2022_MM_NW_MM6",2022,"MM",-37.189701,146.6212,1730,"MM6","NW",-0.70709769,0.707115872,12.81454495,15,8.38646059554245,0.205291799587165
"2022_MM_NW_MM7",2022,"MM",-37.189701,146.6212,1730,"MM7","NW",-0.70709769,0.707115872,12.81454495,12,6.3545144825679,0.244512961986287
"2022_MM_NW_MM8",2022,"MM",-37.189701,146.6212,1730,"MM8","NW",-0.70709769,0.707115872,12.81454495,11,7.6680428740777,0.157943067033976
"2022_MM_NW_MM9",2022,"MM",-37.189701,146.6212,1730,"MM9","NW",-0.70709769,0.707115872,12.81454495,12,8.55847418050706,0.154478177262397
"2022_MM_SE_MM16",2022,"MM",-37.189701,146.6212,1730,"MM16","SE",0.707102885,-0.707110677,8.217520837,13,9.45995466053837,0.131698642317294
"2022_MM_SE_MM17",2022,"MM",-37.189701,146.6212,1730,"MM17","SE",0.707102885,-0.707110677,8.217520837,8,4.59742421946874,0.295138888888889
"2022_MM_SE_MM18",2022,"MM",-37.189701,146.6212,1730,"MM18","SE",0.707102885,-0.707110677,8.217520837,8,5.03809626790737,0.2832
"2022_MM_SE_MM19",2022,"MM",-37.189701,146.6212,1730,"MM19","SE",0.707102885,-0.707110677,8.217520837,11,6.5242217072084,0.20243305785124
"2022_MM_SE_MM20",2022,"MM",-37.189701,146.6212,1730,"MM20","SE",0.707102885,-0.707110677,8.217520837,9,7.11763641605612,0.162901307966706
"2022_MM_SW_MM1",2022,"MM",-37.189701,146.6212,1730,"MM1","SW",-0.707113275,-0.707100288,10.8049878,11,4.6838847708902,0.366402045926794
"2022_MM_SW_MM2",2022,"MM",-37.189701,146.6212,1730,"MM2","SW",-0.707113275,-0.707100288,10.8049878,8,4.89897948556636,0.298611111111111
"2022_MM_SW_MM3",2022,"MM",-37.189701,146.6212,1730,"MM3","SW",-0.707113275,-0.707100288,10.8049878,14,8.62113759908198,0.165402247555682
"2022_MM_SW_MM4",2022,"MM",-37.189701,146.6212,1730,"MM4","SW",-0.707113275,-0.707100288,10.8049878,10,6.84190214483349,0.19140625
"2022_MM_SW_MM5",2022,"MM",-37.189701,146.6212,1730,"MM5","SW",-0.707113275,-0.707100288,10.8049878,9,6.35129856036258,0.198254832051041
"2022_MSp_NE_MSp16",2022,"MSp",-37.125341,146.643399,1660,"MSp16","NE",0.70710808,0.707105483,14.33745179,4,2.71080601082953,0.482638888888889
"2022_MSp_NE_MSp17",2022,"MSp",-37.125341,146.643399,1660,"MSp17","NE",0.70710808,0.707105483,14.33745179,5,2.2550913376994,0.625708884688091
"2022_MSp_NE_MSp18",2022,"MSp",-37.125341,146.643399,1660,"MSp18","NE",0.70710808,0.707105483,14.33745179,8,5.61677377304945,0.235294117647059
"2022_MSp_NE_MSp19",2022,"MSp",-37.125341,146.643399,1660,"MSp19","NE",0.70710808,0.707105483,14.33745179,8,5.45938486522906,0.218577006001981
"2022_MSp_NE_MSp20",2022,"MSp",-37.125341,146.643399,1660,"MSp20","NE",0.70710808,0.707105483,14.33745179,7,5.60393608621757,0.208333333333333
"2022_MSp_NW_MSp11",2022,"MSp",-37.125341,146.643399,1660,"MSp11","NW",-0.70709769,0.707115872,8.538814562,16,10.1163315408894,0.147145928840927
"2022_MSp_NW_MSp12",2022,"MSp",-37.125341,146.643399,1660,"MSp12","NW",-0.70709769,0.707115872,8.538814562,10,8.07222577667522,0.144970414201183
"2022_MSp_NW_MSp13",2022,"MSp",-37.125341,146.643399,1660,"MSp13","NW",-0.70709769,0.707115872,8.538814562,8,5.40595233386887,0.224881093935791
"2022_MSp_NW_MSp14",2022,"MSp",-37.125341,146.643399,1660,"MSp14","NW",-0.70709769,0.707115872,8.538814562,7,5.72424764718058,0.190812434055677
"2022_MSp_NW_MSp15",2022,"MSp",-37.125341,146.643399,1660,"MSp15","NW",-0.70709769,0.707115872,8.538814562,15,7.57564979053554,0.252204916494652
"2022_MSp_SE_MSp10",2022,"MSp",-37.125341,146.643399,1660,"MSp10","SE",0.707102885,-0.707110677,19.10202799,12,8.08395343858508,0.168888888888889
"2022_MSp_SE_MSp6",2022,"MSp",-37.125341,146.643399,1660,"MSp6","SE",0.707102885,-0.707110677,19.10202799,12,6.65538287499412,0.254325259515571
"2022_MSp_SE_MSp7",2022,"MSp",-37.125341,146.643399,1660,"MSp7","SE",0.707102885,-0.707110677,19.10202799,5,3.81732594805283,0.289285364179982
"2022_MSp_SE_MSp8",2022,"MSp",-37.125341,146.643399,1660,"MSp8","SE",0.707102885,-0.707110677,19.10202799,13,7.90879880358386,0.1953125
"2022_MSp_SE_MSp9",2022,"MSp",-37.125341,146.643399,1660,"MSp9","SE",0.707102885,-0.707110677,19.10202799,12,6.90312382859329,0.209983111277913
"2022_MSp_SW_MSp1",2022,"MSp",-37.125341,146.643399,1660,"MSp1","SW",-0.707113275,-0.707100288,13.30339076,5,2.58206000431969,0.549586776859504
"2022_MSp_SW_MSp2",2022,"MSp",-37.125341,146.643399,1660,"MSp2","SW",-0.707113275,-0.707100288,13.30339076,9,5.19545605546214,0.260415154594281
"2022_MSp_SW_MSp3",2022,"MSp",-37.125341,146.643399,1660,"MSp3","SW",-0.707113275,-0.707100288,13.30339076,18,12.9603929715331,0.0942585059171598
"2022_MSp_SW_MSp4",2022,"MSp",-37.125341,146.643399,1660,"MSp4","SW",-0.707113275,-0.707100288,13.30339076,12,8.61099022767039,0.155918367346939
"2022_MSp_SW_MSp5",2022,"MSp",-37.125341,146.643399,1660,"MSp5","SW",-0.707113275,-0.707100288,13.30339076,11,8.05830593427273,0.150948141441577
"2022_MSt_NE_MSt1",2022,"MSt",-37.127997,146.498937,1750,"MSt1","NE",0.70710808,0.707105483,13.37405208,11,7.70775399696017,0.153568885724457
"2022_MSt_NE_MSt2",2022,"MSt",-37.127997,146.498937,1750,"MSt2","NE",0.70710808,0.707105483,13.37405208,9,5.29027720224814,0.259876482697775
"2022_MSt_NE_MSt3",2022,"MSt",-37.127997,146.498937,1750,"MSt3","NE",0.70710808,0.707105483,13.37405208,7,3.57428244425928,0.368972797204494
"2022_MSt_NE_MSt4",2022,"MSt",-37.127997,146.498937,1750,"MSt4","NE",0.70710808,0.707105483,13.37405208,7,3.32190553205021,0.438357276195114
"2022_MSt_NE_MSt5",2022,"MSt",-37.127997,146.498937,1750,"MSt5","NE",0.70710808,0.707105483,13.37405208,13,9.45043453358232,0.122443235128542
"2022_MSt_NW_MSt10",2022,"MSt",-37.127997,146.498937,1750,"MSt10","NW",-0.70709769,0.707115872,9.873418303,11,4.60970614870426,0.325882352941177
"2022_MSt_NW_MSt6",2022,"MSt",-37.127997,146.498937,1750,"MSt6","NW",-0.70709769,0.707115872,9.873418303,10,9.17151282469163,0.117283950617284
"2022_MSt_NW_MSt7",2022,"MSt",-37.127997,146.498937,1750,"MSt7","NW",-0.70709769,0.707115872,9.873418303,11,7.74178520852805,0.155073461891644
"2022_MSt_NW_MSt8",2022,"MSt",-37.127997,146.498937,1750,"MSt8","NW",-0.70709769,0.707115872,9.873418303,9,4.04290700098407,0.392364639280012
"2022_MSt_NW_MSt9",2022,"MSt",-37.127997,146.498937,1750,"MSt9","NW",-0.70709769,0.707115872,9.873418303,7,2.23448696174673,0.638377501352082
"2022_MSt_SE_MSt11",2022,"MSt",-37.127997,146.498937,1750,"MSt11","SE",0.707102885,-0.707110677,16.65114238,5,3.35158269790852,0.358024691358025
"2022_MSt_SE_MSt12",2022,"MSt",-37.127997,146.498937,1750,"MSt12","SE",0.707102885,-0.707110677,16.65114238,10,4.83377252254242,0.300024989587672
"2022_MSt_SE_MSt13",2022,"MSt",-37.127997,146.498937,1750,"MSt13","SE",0.707102885,-0.707110677,16.65114238,6,4.46200161294226,0.258494031221304
"2022_MSt_SE_MSt14",2022,"MSt",-37.127997,146.498937,1750,"MSt14","SE",0.707102885,-0.707110677,16.65114238,10,3.41664904285119,0.451063609544019
"2022_MSt_SE_MSt15",2022,"MSt",-37.127997,146.498937,1750,"MSt15","SE",0.707102885,-0.707110677,16.65114238,10,6.43098558911753,0.209173161336558
"2022_MSt_SW_MSt16",2022,"MSt",-37.127997,146.498937,1750,"MSt16","SW",-0.707113275,-0.707100288,13.1505086,14,6.11652208605165,0.258201736495542
"2022_MSt_SW_MSt17",2022,"MSt",-37.127997,146.498937,1750,"MSt17","SW",-0.707113275,-0.707100288,13.1505086,10,8.54095681948964,0.132231404958678
"2022_MSt_SW_MSt18",2022,"MSt",-37.127997,146.498937,1750,"MSt18","SW",-0.707113275,-0.707100288,13.1505086,12,8.30481378848568,0.150086505190311
"2022_MSt_SW_MSt19",2022,"MSt",-37.127997,146.498937,1750,"MSt19","SW",-0.707113275,-0.707100288,13.1505086,9,3.98013603843151,0.399772905930649
"2022_MSt_SW_MSt20",2022,"MSt",-37.127997,146.498937,1750,"MSt20","SW",-0.707113275,-0.707100288,13.1505086,6,4.09805945133898,0.337278106508876
"2022_TT_NE_TT1",2022,"TT",-37.02747801,147.027785,1705,"TT1","NE",0.70710808,0.707105483,10.76130005,13,5.61082481047945,0.246196155387571
"2022_TT_NE_TT2",2022,"TT",-37.02747801,147.027785,1705,"TT2","NE",0.70710808,0.707105483,10.76130005,17,9.34536513647768,0.164279857363513
"2022_TT_NE_TT3",2022,"TT",-37.02747801,147.027785,1705,"TT3","NE",0.70710808,0.707105483,10.76130005,18,8.61720639808607,0.177255060877894
"2022_TT_NE_TT4",2022,"TT",-37.02747801,147.027785,1705,"TT4","NE",0.70710808,0.707105483,10.76130005,15,6.13410339615139,0.228050749711649
"2022_TT_NE_TT5",2022,"TT",-37.02747801,147.027785,1705,"TT5","NE",0.70710808,0.707105483,10.76130005,15,6.61569138117342,0.201856
"2022_TT_NW_TT10",2022,"TT",-37.02747801,147.027785,1705,"TT10","NW",-0.70709769,0.707115872,11.67156222,17,11.079041707304,0.109088
"2022_TT_NW_TT6",2022,"TT",-37.02747801,147.027785,1705,"TT6","NW",-0.70709769,0.707115872,11.67156222,12,6.37824963447146,0.230054144106622
"2022_TT_NW_TT7",2022,"TT",-37.02747801,147.027785,1705,"TT7","NW",-0.70709769,0.707115872,11.67156222,12,6.5099068690139,0.205886728823646
"2022_TT_NW_TT8",2022,"TT",-37.02747801,147.027785,1705,"TT8","NW",-0.70709769,0.707115872,11.67156222,14,6.19986478827522,0.260813637431349
"2022_TT_NW_TT9",2022,"TT",-37.02747801,147.027785,1705,"TT9","NW",-0.70709769,0.707115872,11.67156222,15,11.080763761697,0.106693786982249
"2022_TT_SE_TT16",2022,"TT",-37.02747801,147.027785,1705,"TT16","SE",0.707102885,-0.707110677,6.920347746,17,10.6285145400402,0.119073122316015
"2022_TT_SE_TT17",2022,"TT",-37.02747801,147.027785,1705,"TT17","SE",0.707102885,-0.707110677,6.920347746,14,8.0422199796195,0.177010802062554
"2022_TT_SE_TT18",2022,"TT",-37.02747801,147.027785,1705,"TT18","SE",0.707102885,-0.707110677,6.920347746,16,9.43251902568654,0.135673469387755
"2022_TT_SE_TT19",2022,"TT",-37.02747801,147.027785,1705,"TT19","SE",0.707102885,-0.707110677,6.920347746,13,7.63439908116497,0.16796540696365
"2022_TT_SE_TT20",2022,"TT",-37.02747801,147.027785,1705,"TT20","SE",0.707102885,-0.707110677,6.920347746,17,11.2106475309974,0.116162076920069
"2022_TT_SW_TT11",2022,"TT",-37.02747801,147.027785,1705,"TT11","SW",-0.707113275,-0.707100288,7.830609913,15,10.6831684902977,0.120373697448796
"2022_TT_SW_TT12",2022,"TT",-37.02747801,147.027785,1705,"TT12","SW",-0.707113275,-0.707100288,7.830609913,14,7.84532760675794,0.163682411731866
"2022_TT_SW_TT13",2022,"TT",-37.02747801,147.027785,1705,"TT13","SW",-0.707113275,-0.707100288,7.830609913,18,11.4968113890567,0.117478870141704
"2022_TT_SW_TT14",2022,"TT",-37.02747801,147.027785,1705,"TT14","SW",-0.707113275,-0.707100288,7.830609913,20,14.2199109866125,0.0822113344392577
"2022_TT_SW_TT15",2022,"TT",-37.02747801,147.027785,1705,"TT15","SW",-0.707113275,-0.707100288,7.830609913,15,10.5169089659788,0.115702120892307
